"((450, 'Powerstar'), (450, 'Powerstar'), (450, 'Powerstar'), (450, 'Powerstar'), (450, 'Powerstar'), (450, 'Powerstar'), (450, 'Powerstar'), (450, 'Powerstar'), (450, 'Powerstar'), (900, 'Imerse-II'), (900, 'Imerse-II'), (900, 'Imerse-II'), (900, 'Imerse-II'))",25403.4,25605.0,25504.2,142.55272708720696
"((450, 'Powerstar'), (450, 'Powerstar'), (450, 'Powerstar'), (450, 'Powerstar'), (450, 'Powerstar'), (450, 'Powerstar'), (450, 'Powerstar'), (450, 'Powerstar'), (450, 'Powerstar'), (450, 'Powerstar'), (900, 'Imerse-II'), (900, 'Imerse-II'), (1800, 'Imerse-III'))",26033.4,28090.8,27062.1,1454.8014916132015
"((900, 'Imerse-II'), (1800, 'Imerse-III'), (1800, 'Imerse-III'), (1800, 'Imerse-III'), (1800, 'Imerse-III'))",25785.0,26533.8,26159.4,529.4815577524863
"((900, 'Imerse-II'), (900, 'Imerse-II'), (1800, 'Imerse-III'), (1800, 'Imerse-III'), (1800, 'Imerse-III'), (1800, 'Imerse-III'))",26393.4,26726.4,26559.9,235.46655813512032
"((450, 'Powerstar'), (900, 'Imerse-II'), (900, 'Imerse-II'), (900, 'Imerse-II'), (900, 'Imerse-II'), (1800, 'Imerse-III'), (1800, 'Imerse-III'))",24674.4,26098.2,25386.300000000003,1006.7786350534059
"((450, 'Powerstar'), (450, 'Powerstar'), (450, 'Powerstar'), (450, 'Powerstar'), (450, 'Powerstar'), (450, 'Powerstar'), (900, 'Imerse-II'), (900, 'Imerse-II'), (1800, 'Imerse-III'), (1800, 'Imerse-III'))",25713.0,25797.6,25755.3,59.82123368838089
"((450, 'Powerstar'), (450, 'Powerstar'), (450, 'Powerstar'), (450, 'Powerstar'), (450, 'Powerstar'), (1800, 'Imerse-III'), (1800, 'Imerse-III'), (1800, 'Imerse-III'))",24985.8,27095.4,26040.6,1491.712465591142
"((450, 'Powerstar'), (450, 'Powerstar'), (450, 'Powerstar'), (450, 'Powerstar'), (450, 'Powerstar'), (450, 'Powerstar'), (900, 'Imerse-II'), (900, 'Imerse-II'), (900, 'Imerse-II'), (900, 'Imerse-II'), (900, 'Imerse-II'), (900, 'Imerse-II'))",25950.6,26685.0,26317.8,519.2992201034015
"((450, 'Powerstar'), (450, 'Powerstar'), (450, 'Powerstar'), (450, 'Powerstar'), (450, 'Powerstar'), (450, 'Powerstar'), (450, 'Powerstar'), (900, 'Imerse-II'), (1800, 'Imerse-III'), (1800, 'Imerse-III'))",26044.2,26109.0,26076.6,45.82051942088776
"((450, 'Powerstar'), (450, 'Powerstar'), (450, 'Powerstar'), (450, 'Powerstar'), (450, 'Powerstar'), (450, 'Powerstar'), (900, 'Imerse-II'), (1800, 'Imerse-III'), (1800, 'Imerse-III'), (1800, 'Imerse-III'))",27136.8,28564.2,27850.5,1009.324219465679
"((450, 'Powerstar'), (450, 'Powerstar'), (450, 'Powerstar'), (450, 'Powerstar'), (450, 'Powerstar'), (450, 'Powerstar'), (450, 'Powerstar'), (450, 'Powerstar'), (450, 'Powerstar'), (450, 'Powerstar'), (450, 'Powerstar'), (450, 'Powerstar'), (450, 'Powerstar'), (450, 'Powerstar'), (450, 'Powerstar'), (450, 'Powerstar'), (900, 'Imerse-II'))",26427.6,26883.0,26655.3,322.01642815235476
"((450, 'Powerstar'), (450, 'Powerstar'), (450, 'Powerstar'), (450, 'Powerstar'), (450, 'Powerstar'), (450, 'Powerstar'), (450, 'Powerstar'), (1800, 'Imerse-III'), (1800, 'Imerse-III'), (1800, 'Imerse-III'))",25596.0,25803.0,25699.5,146.37110370561533
"((450, 'Powerstar'), (450, 'Powerstar'), (450, 'Powerstar'), (450, 'Powerstar'), (450, 'Powerstar'), (450, 'Powerstar'), (450, 'Powerstar'), (450, 'Powerstar'), (450, 'Powerstar'), (450, 'Powerstar'), (450, 'Powerstar'), (450, 'Powerstar'), (900, 'Imerse-II'), (1800, 'Imerse-III'))",25812.0,27554.4,26683.2,1232.0628555394414
"((450, 'Powerstar'), (450, 'Powerstar'), (450, 'Powerstar'), (450, 'Powerstar'), (450, 'Powerstar'), (450, 'Powerstar'), (450, 'Powerstar'), (900, 'Imerse-II'), (900, 'Imerse-II'), (900, 'Imerse-II'), (1800, 'Imerse-III'))",26091.0,26497.8,26294.4,287.65103858668704
"((450, 'Powerstar'), (450, 'Powerstar'), (450, 'Powerstar'), (450, 'Powerstar'), (450, 'Powerstar'), (450, 'Powerstar'), (450, 'Powerstar'), (450, 'Powerstar'), (450, 'Powerstar'), (450, 'Powerstar'), (450, 'Powerstar'), (900, 'Imerse-II'), (900, 'Imerse-II'), (1800, 'Imerse-III'))",26901.0,26965.8,26933.4,45.82051942088776
"((450, 'Powerstar'), (450, 'Powerstar'), (450, 'Powerstar'), (900, 'Imerse-II'), (900, 'Imerse-II'), (900, 'Imerse-II'), (900, 'Imerse-II'), (900, 'Imerse-II'), (1800, 'Imerse-III'))",24328.8,26582.4,25455.6,1593.535842082005
"((450, 'Powerstar'), (450, 'Powerstar'), (450, 'Powerstar'), (900, 'Imerse-II'), (900, 'Imerse-II'), (900, 'Imerse-II'), (1800, 'Imerse-III'), (1800, 'Imerse-III'))",26787.6,27543.6,27165.6,534.5727265770299
"((1800, 'Imerse-III'), (1800, 'Imerse-III'), (1800, 'Imerse-III'), (1800, 'Imerse-III'), (1800, 'Imerse-III'))",26049.6,27336.6,26693.1,910.0464273870866
"((450, 'Powerstar'), (450, 'Powerstar'), (450, 'Powerstar'), (450, 'Powerstar'), (450, 'Powerstar'), (450, 'Powerstar'), (450, 'Powerstar'), (450, 'Powerstar'), (450, 'Powerstar'), (450, 'Powerstar'), (450, 'Powerstar'), (450, 'Powerstar'), (450, 'Powerstar'), (450, 'Powerstar'), (900, 'Imerse-II'), (1800, 'Imerse-III'))",27082.8,28782.0,27932.4,1201.515842592182
"((450, 'Powerstar'), (450, 'Powerstar'), (900, 'Imerse-II'), (900, 'Imerse-II'), (1800, 'Imerse-III'), (1800, 'Imerse-III'), (1800, 'Imerse-III'))",25941.6,26303.4,26122.5,255.83123343329495
"((450, 'Powerstar'), (450, 'Powerstar'), (450, 'Powerstar'), (450, 'Powerstar'), (900, 'Imerse-II'), (900, 'Imerse-II'), (900, 'Imerse-II'), (1800, 'Imerse-III'), (1800, 'Imerse-III'))",24969.6,25774.2,25371.9,568.9381161426977
"((450, 'Powerstar'), (450, 'Powerstar'), (450, 'Powerstar'), (450, 'Powerstar'), (450, 'Powerstar'), (450, 'Powerstar'), (450, 'Powerstar'), (450, 'Powerstar'), (450, 'Powerstar'), (450, 'Powerstar'), (450, 'Powerstar'), (450, 'Powerstar'), (450, 'Powerstar'), (450, 'Powerstar'), (450, 'Powerstar'), (450, 'Powerstar'), (1800, 'Imerse-III'))",26139.6,26789.4,26464.5,459.4779864150206
"((450, 'Powerstar'), (450, 'Powerstar'), (450, 'Powerstar'), (450, 'Powerstar'), (450, 'Powerstar'), (900, 'Imerse-II'), (900, 'Imerse-II'), (900, 'Imerse-II'), (1800, 'Imerse-III'), (1800, 'Imerse-III'))",26737.2,26976.6,26856.9,169.28136341605793
"((450, 'Powerstar'), (450, 'Powerstar'), (900, 'Imerse-II'), (900, 'Imerse-II'), (900, 'Imerse-II'), (900, 'Imerse-II'), (900, 'Imerse-II'), (1800, 'Imerse-III'), (1800, 'Imerse-III'))",25468.2,27041.4,26254.800000000003,1112.420388162677
"((450, 'Powerstar'), (450, 'Powerstar'), (450, 'Powerstar'), (450, 'Powerstar'), (450, 'Powerstar'), (450, 'Powerstar'), (450, 'Powerstar'), (450, 'Powerstar'), (1800, 'Imerse-III'), (1800, 'Imerse-III'), (1800, 'Imerse-III'))",25966.8,27462.6,26714.699999999997,1057.6903232988373
"((450, 'Powerstar'), (450, 'Powerstar'), (900, 'Imerse-II'), (900, 'Imerse-II'), (900, 'Imerse-II'), (900, 'Imerse-II'), (900, 'Imerse-II'), (900, 'Imerse-II'), (1800, 'Imerse-III'))",25140.6,26479.8,25810.199999999997,946.957401365025
"((450, 'Powerstar'), (450, 'Powerstar'), (450, 'Powerstar'), (450, 'Powerstar'), (450, 'Powerstar'), (450, 'Powerstar'), (450, 'Powerstar'), (450, 'Powerstar'), (900, 'Imerse-II'), (900, 'Imerse-II'), (900, 'Imerse-II'), (900, 'Imerse-II'), (1800, 'Imerse-III'))",26416.8,26728.2,26572.5,220.19305166149192
"((450, 'Powerstar'), (450, 'Powerstar'), (450, 'Powerstar'), (450, 'Powerstar'), (1800, 'Imerse-III'), (1800, 'Imerse-III'), (1800, 'Imerse-III'), (1800, 'Imerse-III'))",26451.0,26780.4,26615.7,232.9209737228498
"((450, 'Powerstar'), (900, 'Imerse-II'), (900, 'Imerse-II'), (900, 'Imerse-II'), (900, 'Imerse-II'), (900, 'Imerse-II'), (1800, 'Imerse-III'), (1800, 'Imerse-III'))",25660.8,26461.8,26061.3,566.3925317304246
"((450, 'Powerstar'), (450, 'Powerstar'), (450, 'Powerstar'), (450, 'Powerstar'), (450, 'Powerstar'), (450, 'Powerstar'), (450, 'Powerstar'), (450, 'Powerstar'), (450, 'Powerstar'), (450, 'Powerstar'), (450, 'Powerstar'), (450, 'Powerstar'), (900, 'Imerse-II'), (900, 'Imerse-II'), (900, 'Imerse-II'))",26416.8,27030.6,26723.699999999997,434.02214229230236
"((450, 'Powerstar'), (450, 'Powerstar'), (450, 'Powerstar'), (450, 'Powerstar'), (450, 'Powerstar'), (450, 'Powerstar'), (450, 'Powerstar'), (900, 'Imerse-II'), (900, 'Imerse-II'), (900, 'Imerse-II'), (900, 'Imerse-II'), (1800, 'Imerse-III'))",26551.8,27138.6,26845.199999999997,414.93025920026554
"((900, 'Imerse-II'), (900, 'Imerse-II'), (900, 'Imerse-II'), (900, 'Imerse-II'), (900, 'Imerse-II'), (900, 'Imerse-II'), (900, 'Imerse-II'), (900, 'Imerse-II'), (1800, 'Imerse-III'))",25583.4,26920.8,26252.1,945.6846091588872
"((450, 'Powerstar'), (450, 'Powerstar'), (900, 'Imerse-II'), (900, 'Imerse-II'), (900, 'Imerse-II'), (900, 'Imerse-II'), (1800, 'Imerse-III'), (1800, 'Imerse-III'))",25248.6,26443.8,25846.199999999997,845.1340248741622
"((450, 'Powerstar'), (450, 'Powerstar'), (900, 'Imerse-II'), (900, 'Imerse-II'), (900, 'Imerse-II'), (1800, 'Imerse-III'), (1800, 'Imerse-III'), (1800, 'Imerse-III'))",26145.0,26487.0,26316.0,241.83051916579925
"((450, 'Powerstar'), (450, 'Powerstar'), (450, 'Powerstar'), (450, 'Powerstar'), (450, 'Powerstar'), (450, 'Powerstar'), (900, 'Imerse-II'), (900, 'Imerse-II'), (900, 'Imerse-II'), (900, 'Imerse-II'), (1800, 'Imerse-III'))",25347.6,25522.2,25434.9,123.46084399517274
"((450, 'Powerstar'), (450, 'Powerstar'), (450, 'Powerstar'), (450, 'Powerstar'), (450, 'Powerstar'), (450, 'Powerstar'), (450, 'Powerstar'), (450, 'Powerstar'), (900, 'Imerse-II'), (900, 'Imerse-II'), (900, 'Imerse-II'), (1800, 'Imerse-III'))",26010.0,27563.4,26786.7,1098.419673895184
"((450, 'Powerstar'), (450, 'Powerstar'), (450, 'Powerstar'), (450, 'Powerstar'), (450, 'Powerstar'), (450, 'Powerstar'), (450, 'Powerstar'), (450, 'Powerstar'), (450, 'Powerstar'), (900, 'Imerse-II'), (900, 'Imerse-II'), (900, 'Imerse-II'), (1800, 'Imerse-III'))",26161.2,26733.6,26447.4,404.74792155117825
"((450, 'Powerstar'), (450, 'Powerstar'), (450, 'Powerstar'), (450, 'Powerstar'), (900, 'Imerse-II'), (900, 'Imerse-II'), (900, 'Imerse-II'), (900, 'Imerse-II'), (900, 'Imerse-II'), (900, 'Imerse-II'), (1800, 'Imerse-III'))",26625.6,27127.8,26876.699999999997,355.1090255118847
"((450, 'Powerstar'), (1800, 'Imerse-III'), (1800, 'Imerse-III'), (1800, 'Imerse-III'), (1800, 'Imerse-III'))",26479.8,26503.2,26491.5,16.54629867976624
"((450, 'Powerstar'), (450, 'Powerstar'), (450, 'Powerstar'), (450, 'Powerstar'), (450, 'Powerstar'), (450, 'Powerstar'), (450, 'Powerstar'), (450, 'Powerstar'), (900, 'Imerse-II'), (1800, 'Imerse-III'), (1800, 'Imerse-III'))",25608.6,27153.0,26380.8,1092.055712864505
"((450, 'Powerstar'), (450, 'Powerstar'), (450, 'Powerstar'), (450, 'Powerstar'), (450, 'Powerstar'), (450, 'Powerstar'), (450, 'Powerstar'), (450, 'Powerstar'), (450, 'Powerstar'), (450, 'Powerstar'), (450, 'Powerstar'), (1800, 'Imerse-III'), (1800, 'Imerse-III'))",26514.0,28216.8,27365.4,1204.0614270044525
"((450, 'Powerstar'), (450, 'Powerstar'), (450, 'Powerstar'), (450, 'Powerstar'), (450, 'Powerstar'), (450, 'Powerstar'), (450, 'Powerstar'), (450, 'Powerstar'), (900, 'Imerse-II'), (900, 'Imerse-II'), (1800, 'Imerse-III'), (1800, 'Imerse-III'))",26641.8,26947.8,26794.8,216.37467504308356
"((450, 'Powerstar'), (450, 'Powerstar'), (450, 'Powerstar'), (450, 'Powerstar'), (900, 'Imerse-II'), (900, 'Imerse-II'), (900, 'Imerse-II'), (900, 'Imerse-II'), (900, 'Imerse-II'), (900, 'Imerse-II'), (900, 'Imerse-II'))",26019.0,26206.2,26112.6,132.3703894381222
"((450, 'Powerstar'), (450, 'Powerstar'), (450, 'Powerstar'), (450, 'Powerstar'), (900, 'Imerse-II'), (900, 'Imerse-II'), (900, 'Imerse-II'), (900, 'Imerse-II'), (1800, 'Imerse-III'), (1800, 'Imerse-III'))",24877.8,26584.2,25731.0,1206.6070114167258
"((450, 'Powerstar'), (450, 'Powerstar'), (450, 'Powerstar'), (450, 'Powerstar'), (450, 'Powerstar'), (450, 'Powerstar'), (450, 'Powerstar'), (900, 'Imerse-II'), (900, 'Imerse-II'), (1800, 'Imerse-III'), (1800, 'Imerse-III'))",27282.6,27390.6,27336.6,76.36753236814714
"((450, 'Powerstar'), (450, 'Powerstar'), (450, 'Powerstar'), (1800, 'Imerse-III'), (1800, 'Imerse-III'), (1800, 'Imerse-III'), (1800, 'Imerse-III'))",26634.6,26859.6,26747.1,159.0990257669732
"((450, 'Powerstar'), (450, 'Powerstar'), (450, 'Powerstar'), (450, 'Powerstar'), (450, 'Powerstar'), (450, 'Powerstar'), (450, 'Powerstar'), (450, 'Powerstar'), (450, 'Powerstar'), (450, 'Powerstar'), (450, 'Powerstar'), (450, 'Powerstar'), (450, 'Powerstar'), (450, 'Powerstar'), (450, 'Powerstar'), (1800, 'Imerse-III'))",26767.8,27329.4,27048.6,397.11116831436664
"((450, 'Powerstar'), (450, 'Powerstar'), (450, 'Powerstar'), (450, 'Powerstar'), (900, 'Imerse-II'), (900, 'Imerse-II'), (900, 'Imerse-II'), (900, 'Imerse-II'), (900, 'Imerse-II'), (1800, 'Imerse-III'))",24609.6,26940.6,25775.1,1648.2659069458423
"((450, 'Powerstar'), (900, 'Imerse-II'), (900, 'Imerse-II'), (1800, 'Imerse-III'), (1800, 'Imerse-III'), (1800, 'Imerse-III'))",24553.8,26670.6,25612.199999999997,1496.8036344156833
"((450, 'Powerstar'), (450, 'Powerstar'), (450, 'Powerstar'), (450, 'Powerstar'), (900, 'Imerse-II'), (1800, 'Imerse-III'), (1800, 'Imerse-III'), (1800, 'Imerse-III'))",25398.0,26082.0,25740.0,483.6610383315985
"((450, 'Powerstar'), (450, 'Powerstar'), (450, 'Powerstar'), (450, 'Powerstar'), (450, 'Powerstar'), (450, 'Powerstar'), (900, 'Imerse-II'), (900, 'Imerse-II'), (900, 'Imerse-II'), (1800, 'Imerse-III'), (1800, 'Imerse-III'))",26476.2,27196.2,26836.2,509.11688245431424
"((450, 'Powerstar'), (450, 'Powerstar'), (450, 'Powerstar'), (450, 'Powerstar'), (450, 'Powerstar'), (450, 'Powerstar'), (450, 'Powerstar'), (450, 'Powerstar'), (450, 'Powerstar'), (450, 'Powerstar'), (450, 'Powerstar'), (450, 'Powerstar'), (450, 'Powerstar'), (450, 'Powerstar'), (450, 'Powerstar'), (450, 'Powerstar'), (450, 'Powerstar'))",27208.8,27343.8,27276.3,95.45941546018392
"((900, 'Imerse-II'), (900, 'Imerse-II'), (900, 'Imerse-II'), (900, 'Imerse-II'), (1800, 'Imerse-III'), (1800, 'Imerse-III'), (1800, 'Imerse-III'))",26386.2,26521.2,26453.7,95.45941546018392
"((450, 'Powerstar'), (900, 'Imerse-II'), (900, 'Imerse-II'), (900, 'Imerse-II'), (900, 'Imerse-II'), (900, 'Imerse-II'), (900, 'Imerse-II'), (1800, 'Imerse-III'))",24627.6,25817.4,25222.5,841.3156482557563
"((450, 'Powerstar'), (450, 'Powerstar'), (450, 'Powerstar'), (450, 'Powerstar'), (450, 'Powerstar'), (450, 'Powerstar'), (450, 'Powerstar'), (450, 'Powerstar'), (900, 'Imerse-II'), (900, 'Imerse-II'), (900, 'Imerse-II'), (900, 'Imerse-II'), (900, 'Imerse-II'))",25936.2,26649.0,26292.6,504.02571362977056
"((450, 'Powerstar'), (450, 'Powerstar'), (450, 'Powerstar'), (450, 'Powerstar'), (450, 'Powerstar'), (900, 'Imerse-II'), (900, 'Imerse-II'), (900, 'Imerse-II'), (900, 'Imerse-II'), (900, 'Imerse-II'), (900, 'Imerse-II'))",26103.6,26640.0,26371.8,379.2920774284651
"((450, 'Powerstar'), (450, 'Powerstar'), (450, 'Powerstar'), (450, 'Powerstar'), (450, 'Powerstar'), (450, 'Powerstar'), (450, 'Powerstar'), (450, 'Powerstar'), (450, 'Powerstar'), (450, 'Powerstar'), (450, 'Powerstar'), (900, 'Imerse-II'), (1800, 'Imerse-III'))",25900.2,26641.8,26271.0,524.3903889279426
"((450, 'Powerstar'), (450, 'Powerstar'), (450, 'Powerstar'), (450, 'Powerstar'), (450, 'Powerstar'), (450, 'Powerstar'), (900, 'Imerse-II'), (900, 'Imerse-II'), (900, 'Imerse-II'), (900, 'Imerse-II'), (900, 'Imerse-II'), (1800, 'Imerse-III'))",27545.4,28270.8,27908.1,512.93525907272
"((450, 'Powerstar'), (450, 'Powerstar'), (450, 'Powerstar'), (450, 'Powerstar'), (450, 'Powerstar'), (450, 'Powerstar'), (450, 'Powerstar'), (450, 'Powerstar'), (450, 'Powerstar'), (450, 'Powerstar'), (450, 'Powerstar'), (450, 'Powerstar'), (900, 'Imerse-II'), (900, 'Imerse-II'), (1800, 'Imerse-III'))",26794.8,27754.2,27274.5,678.3982458703747
"((450, 'Powerstar'), (450, 'Powerstar'), (450, 'Powerstar'), (900, 'Imerse-II'), (900, 'Imerse-II'), (900, 'Imerse-II'), (900, 'Imerse-II'), (900, 'Imerse-II'), (900, 'Imerse-II'), (1800, 'Imerse-III'))",25281.0,26094.6,25687.8,575.3020771733741
"((450, 'Powerstar'), (450, 'Powerstar'), (450, 'Powerstar'), (450, 'Powerstar'), (450, 'Powerstar'), (450, 'Powerstar'), (450, 'Powerstar'), (450, 'Powerstar'), (450, 'Powerstar'), (450, 'Powerstar'), (450, 'Powerstar'), (450, 'Powerstar'), (450, 'Powerstar'), (900, 'Imerse-II'), (900, 'Imerse-II'))",26908.2,28112.4,27510.300000000003,851.497985904841
"((450, 'Powerstar'), (450, 'Powerstar'), (450, 'Powerstar'), (450, 'Powerstar'), (450, 'Powerstar'), (450, 'Powerstar'), (450, 'Powerstar'), (450, 'Powerstar'), (450, 'Powerstar'), (450, 'Powerstar'), (900, 'Imerse-II'), (900, 'Imerse-II'), (900, 'Imerse-II'), (1800, 'Imerse-III'))",27424.8,28645.2,28035.0,862.9531157600636
"((450, 'Powerstar'), (900, 'Imerse-II'), (900, 'Imerse-II'), (900, 'Imerse-II'), (900, 'Imerse-II'), (900, 'Imerse-II'), (900, 'Imerse-II'), (900, 'Imerse-II'), (900, 'Imerse-II'))",25279.2,26125.2,25702.2,598.2123368838193
"((450, 'Powerstar'), (450, 'Powerstar'), (450, 'Powerstar'), (450, 'Powerstar'), (450, 'Powerstar'), (450, 'Powerstar'), (450, 'Powerstar'), (900, 'Imerse-II'), (900, 'Imerse-II'), (900, 'Imerse-II'), (900, 'Imerse-II'), (900, 'Imerse-II'))",26321.4,27066.6,26694.0,526.9359733402131
"((900, 'Imerse-II'), (900, 'Imerse-II'), (900, 'Imerse-II'), (1800, 'Imerse-III'), (1800, 'Imerse-III'), (1800, 'Imerse-III'))",25165.8,28238.4,26702.1,2172.6562958737873
"((900, 'Imerse-II'), (900, 'Imerse-II'), (900, 'Imerse-II'), (900, 'Imerse-II'), (900, 'Imerse-II'), (1800, 'Imerse-III'), (1800, 'Imerse-III'))",25808.4,25822.8,25815.6,10.18233764908474
"((450, 'Powerstar'), (450, 'Powerstar'), (450, 'Powerstar'), (450, 'Powerstar'), (450, 'Powerstar'), (450, 'Powerstar'), (450, 'Powerstar'), (450, 'Powerstar'), (450, 'Powerstar'), (900, 'Imerse-II'), (900, 'Imerse-II'), (1800, 'Imerse-III'))",25999.2,27640.8,26820.0,1160.7864919958354
"((450, 'Powerstar'), (450, 'Powerstar'), (900, 'Imerse-II'), (900, 'Imerse-II'), (900, 'Imerse-II'), (900, 'Imerse-II'), (900, 'Imerse-II'), (900, 'Imerse-II'), (900, 'Imerse-II'), (900, 'Imerse-II'))",26850.6,27478.8,27164.699999999997,444.20447994138965
"((450, 'Powerstar'), (450, 'Powerstar'), (450, 'Powerstar'), (900, 'Imerse-II'), (1800, 'Imerse-III'), (1800, 'Imerse-III'), (1800, 'Imerse-III'))",24949.8,27253.8,26101.8,1629.1740238538055
"((450, 'Powerstar'), (450, 'Powerstar'), (450, 'Powerstar'), (450, 'Powerstar'), (450, 'Powerstar'), (450, 'Powerstar'), (450, 'Powerstar'), (450, 'Powerstar'), (450, 'Powerstar'), (450, 'Powerstar'), (450, 'Powerstar'), (450, 'Powerstar'), (450, 'Powerstar'), (450, 'Powerstar'), (450, 'Powerstar'), (900, 'Imerse-II'))",26010.0,26596.8,26303.4,414.93025920026554
"((450, 'Powerstar'), (450, 'Powerstar'), (450, 'Powerstar'), (450, 'Powerstar'), (450, 'Powerstar'), (900, 'Imerse-II'), (900, 'Imerse-II'), (1800, 'Imerse-III'), (1800, 'Imerse-III'))",25290.0,28661.4,26975.7,2383.939802092327
"((450, 'Powerstar'), (450, 'Powerstar'), (450, 'Powerstar'), (450, 'Powerstar'), (450, 'Powerstar'), (450, 'Powerstar'), (450, 'Powerstar'), (450, 'Powerstar'), (450, 'Powerstar'), (900, 'Imerse-II'), (1800, 'Imerse-III'), (1800, 'Imerse-III'))",26881.2,28297.8,27589.5,1001.6874662288621
"((450, 'Powerstar'), (450, 'Powerstar'), (450, 'Powerstar'), (900, 'Imerse-II'), (900, 'Imerse-II'), (900, 'Imerse-II'), (900, 'Imerse-II'), (900, 'Imerse-II'), (900, 'Imerse-II'), (900, 'Imerse-II'))",25389.0,25754.4,25571.7,258.3768178455655
"((450, 'Powerstar'), (450, 'Powerstar'), (450, 'Powerstar'), (450, 'Powerstar'), (450, 'Powerstar'), (450, 'Powerstar'), (1800, 'Imerse-III'), (1800, 'Imerse-III'), (1800, 'Imerse-III'))",25957.8,28548.0,27252.9,1831.5479846293958
"((450, 'Powerstar'), (450, 'Powerstar'), (450, 'Powerstar'), (450, 'Powerstar'), (450, 'Powerstar'), (900, 'Imerse-II'), (900, 'Imerse-II'), (900, 'Imerse-II'), (900, 'Imerse-II'), (1800, 'Imerse-III'))",25671.6,26560.8,26116.199999999997,628.7593498310786
"((450, 'Powerstar'), (450, 'Powerstar'), (450, 'Powerstar'), (450, 'Powerstar'), (450, 'Powerstar'), (450, 'Powerstar'), (450, 'Powerstar'), (450, 'Powerstar'), (450, 'Powerstar'), (450, 'Powerstar'), (450, 'Powerstar'), (450, 'Powerstar'), (450, 'Powerstar'), (900, 'Imerse-II'), (1800, 'Imerse-III'))",26350.2,26580.6,26465.4,162.917402385379
"((450, 'Powerstar'), (450, 'Powerstar'), (450, 'Powerstar'), (450, 'Powerstar'), (450, 'Powerstar'), (450, 'Powerstar'), (450, 'Powerstar'), (450, 'Powerstar'), (450, 'Powerstar'), (450, 'Powerstar'), (450, 'Powerstar'), (450, 'Powerstar'), (450, 'Powerstar'), (1800, 'Imerse-III'))",26506.8,26917.2,26712.0,290.19662299896015
"((450, 'Powerstar'), (450, 'Powerstar'), (450, 'Powerstar'), (450, 'Powerstar'), (450, 'Powerstar'), (450, 'Powerstar'), (450, 'Powerstar'), (450, 'Powerstar'), (450, 'Powerstar'), (450, 'Powerstar'), (900, 'Imerse-II'), (1800, 'Imerse-III'), (1800, 'Imerse-III'))",26406.0,27671.4,27038.7,894.7729209134583
"((900, 'Imerse-II'), (900, 'Imerse-II'), (900, 'Imerse-II'), (900, 'Imerse-II'), (900, 'Imerse-II'), (900, 'Imerse-II'), (1800, 'Imerse-III'), (1800, 'Imerse-III'))",26735.4,27666.0,27200.7,658.0335705722001
"((900, 'Imerse-II'), (900, 'Imerse-II'), (900, 'Imerse-II'), (900, 'Imerse-II'), (900, 'Imerse-II'), (900, 'Imerse-II'), (900, 'Imerse-II'), (1800, 'Imerse-III'))",25590.6,27158.4,26374.5,1108.6020115442714
"((450, 'Powerstar'), (450, 'Powerstar'), (900, 'Imerse-II'), (900, 'Imerse-II'), (900, 'Imerse-II'), (900, 'Imerse-II'), (900, 'Imerse-II'), (900, 'Imerse-II'), (900, 'Imerse-II'), (1800, 'Imerse-III'))",25426.8,26987.4,26207.1,1103.5108427197276
"((450, 'Powerstar'), (450, 'Powerstar'), (450, 'Powerstar'), (450, 'Powerstar'), (450, 'Powerstar'), (450, 'Powerstar'), (450, 'Powerstar'), (450, 'Powerstar'), (450, 'Powerstar'), (450, 'Powerstar'), (450, 'Powerstar'), (450, 'Powerstar'), (450, 'Powerstar'), (450, 'Powerstar'), (1800, 'Imerse-III'))",25533.0,27131.4,26332.2,1130.2394790485787
"((450, 'Powerstar'), (450, 'Powerstar'), (1800, 'Imerse-III'), (1800, 'Imerse-III'), (1800, 'Imerse-III'), (1800, 'Imerse-III'))",25457.4,26841.6,26149.5,978.7772065184171
"((450, 'Powerstar'), (450, 'Powerstar'), (450, 'Powerstar'), (450, 'Powerstar'), (450, 'Powerstar'), (450, 'Powerstar'), (450, 'Powerstar'), (450, 'Powerstar'), (450, 'Powerstar'), (450, 'Powerstar'), (450, 'Powerstar'), (450, 'Powerstar'), (1800, 'Imerse-III'), (1800, 'Imerse-III'))",26373.6,27291.6,26832.6,649.1240251292506
"((450, 'Powerstar'), (450, 'Powerstar'), (450, 'Powerstar'), (900, 'Imerse-II'), (900, 'Imerse-II'), (1800, 'Imerse-III'), (1800, 'Imerse-III'), (1800, 'Imerse-III'))",27739.8,28047.6,27893.699999999997,217.6474672492188
"((450, 'Powerstar'), (450, 'Powerstar'), (450, 'Powerstar'), (450, 'Powerstar'), (450, 'Powerstar'), (900, 'Imerse-II'), (1800, 'Imerse-III'), (1800, 'Imerse-III'), (1800, 'Imerse-III'))",25448.4,26735.4,26091.9,910.0464273870866
"((450, 'Powerstar'), (450, 'Powerstar'), (450, 'Powerstar'), (450, 'Powerstar'), (450, 'Powerstar'), (450, 'Powerstar'), (450, 'Powerstar'), (450, 'Powerstar'), (450, 'Powerstar'), (450, 'Powerstar'), (1800, 'Imerse-III'), (1800, 'Imerse-III'))",26805.6,27927.0,27366.3,792.9495444225954
"((450, 'Powerstar'), (450, 'Powerstar'), (900, 'Imerse-II'), (1800, 'Imerse-III'), (1800, 'Imerse-III'), (1800, 'Imerse-III'), (1800, 'Imerse-III'))",25992.0,27529.2,26760.6,1086.9645440399613
"((450, 'Powerstar'), (900, 'Imerse-II'), (1800, 'Imerse-III'), (1800, 'Imerse-III'), (1800, 'Imerse-III'), (1800, 'Imerse-III'))",26800.2,27577.8,27189.0,549.8462330506583
"((450, 'Powerstar'), (450, 'Powerstar'), (450, 'Powerstar'), (450, 'Powerstar'), (900, 'Imerse-II'), (900, 'Imerse-II'), (1800, 'Imerse-III'), (1800, 'Imerse-III'), (1800, 'Imerse-III'))",25999.2,27637.2,26818.2,1158.2409075835649
"((450, 'Powerstar'), (450, 'Powerstar'), (450, 'Powerstar'), (900, 'Imerse-II'), (900, 'Imerse-II'), (900, 'Imerse-II'), (900, 'Imerse-II'), (1800, 'Imerse-III'), (1800, 'Imerse-III'))",24748.2,26501.4,25624.800000000003,1239.6996087762557
"((450, 'Powerstar'), (900, 'Imerse-II'), (900, 'Imerse-II'), (900, 'Imerse-II'), (900, 'Imerse-II'), (900, 'Imerse-II'), (900, 'Imerse-II'), (900, 'Imerse-II'), (1800, 'Imerse-III'))",25124.4,25522.2,25323.300000000003,281.28707755600806
"((450, 'Powerstar'), (450, 'Powerstar'), (450, 'Powerstar'), (450, 'Powerstar'), (450, 'Powerstar'), (450, 'Powerstar'), (450, 'Powerstar'), (450, 'Powerstar'), (450, 'Powerstar'), (450, 'Powerstar'), (450, 'Powerstar'), (450, 'Powerstar'), (450, 'Powerstar'), (450, 'Powerstar'), (900, 'Imerse-II'), (900, 'Imerse-II'))",26161.2,26605.8,26383.5,314.379674915538
"((900, 'Imerse-II'), (900, 'Imerse-II'), (900, 'Imerse-II'), (900, 'Imerse-II'), (900, 'Imerse-II'), (900, 'Imerse-II'), (900, 'Imerse-II'), (900, 'Imerse-II'), (900, 'Imerse-II'))",26170.2,26355.6,26262.9,131.09759723198437
"((450, 'Powerstar'), (450, 'Powerstar'), (450, 'Powerstar'), (450, 'Powerstar'), (450, 'Powerstar'), (450, 'Powerstar'), (450, 'Powerstar'), (450, 'Powerstar'), (450, 'Powerstar'), (1800, 'Imerse-III'), (1800, 'Imerse-III'))",25698.6,26510.4,26104.5,574.0292849672413
"((450, 'Powerstar'), (450, 'Powerstar'), (450, 'Powerstar'), (450, 'Powerstar'), (450, 'Powerstar'), (900, 'Imerse-II'), (900, 'Imerse-II'), (900, 'Imerse-II'), (900, 'Imerse-II'), (900, 'Imerse-II'), (1800, 'Imerse-III'))",26346.6,26478.0,26412.3,92.91383104791338
"((450, 'Powerstar'), (450, 'Powerstar'), (450, 'Powerstar'), (450, 'Powerstar'), (450, 'Powerstar'), (450, 'Powerstar'), (450, 'Powerstar'), (450, 'Powerstar'), (450, 'Powerstar'), (450, 'Powerstar'), (900, 'Imerse-II'), (900, 'Imerse-II'), (900, 'Imerse-II'), (900, 'Imerse-II'))",25691.4,26515.8,26103.6,582.9388304101882
"((450, 'Powerstar'), (900, 'Imerse-II'), (900, 'Imerse-II'), (900, 'Imerse-II'), (1800, 'Imerse-III'), (1800, 'Imerse-III'), (1800, 'Imerse-III'))",26134.2,26382.6,26258.4,175.64532444673685
"((450, 'Powerstar'), (450, 'Powerstar'), (450, 'Powerstar'), (450, 'Powerstar'), (450, 'Powerstar'), (450, 'Powerstar'), (450, 'Powerstar'), (450, 'Powerstar'), (450, 'Powerstar'), (450, 'Powerstar'), (450, 'Powerstar'), (900, 'Imerse-II'), (900, 'Imerse-II'), (900, 'Imerse-II'))",25358.4,27138.6,26248.5,1258.7914918682898
