"((450, 'Powerstar'), (450, 'Powerstar'), (450, 'Powerstar'), (450, 'Powerstar'), (450, 'Powerstar'), (450, 'Powerstar'), (450, 'Powerstar'), (450, 'Powerstar'), (450, 'Powerstar'), (900, 'Imerse-II'), (900, 'Imerse-II'), (900, 'Imerse-II'), (1800, 'Imerse-III'))",28413,31284,29848.5,2030.1035687865779
"((450, 'Powerstar'), (450, 'Powerstar'), (450, 'Powerstar'), (450, 'Powerstar'), (450, 'Powerstar'), (450, 'Powerstar'), (1800, 'Imerse-III'), (1800, 'Imerse-III'), (1800, 'Imerse-III'))",29475,30231,29853,534.5727265770299
"((450, 'Powerstar'), (900, 'Imerse-II'), (900, 'Imerse-II'), (900, 'Imerse-II'), (900, 'Imerse-II'), (900, 'Imerse-II'), (900, 'Imerse-II'), (1800, 'Imerse-III'))",30357,32571,31464,1565.5344135470161
"((450, 'Powerstar'), (450, 'Powerstar'), (450, 'Powerstar'), (900, 'Imerse-II'), (900, 'Imerse-II'), (900, 'Imerse-II'), (900, 'Imerse-II'), (900, 'Imerse-II'), (900, 'Imerse-II'), (1800, 'Imerse-III'))",28107,32778,30442.5,3302.8957749223637
"((450, 'Powerstar'), (450, 'Powerstar'), (450, 'Powerstar'), (450, 'Powerstar'), (450, 'Powerstar'), (450, 'Powerstar'), (450, 'Powerstar'), (450, 'Powerstar'), (900, 'Imerse-II'), (900, 'Imerse-II'), (900, 'Imerse-II'), (900, 'Imerse-II'), (1800, 'Imerse-III'))",31230,32517,31873.5,910.0464273870866
"((450, 'Powerstar'), (450, 'Powerstar'), (450, 'Powerstar'), (1800, 'Imerse-III'), (1800, 'Imerse-III'), (1800, 'Imerse-III'), (1800, 'Imerse-III'))",32454,34614,33534,1527.3506473629427
"((450, 'Powerstar'), (900, 'Imerse-II'), (1800, 'Imerse-III'), (1800, 'Imerse-III'), (1800, 'Imerse-III'), (1800, 'Imerse-III'))",31356,31671,31513.5,222.73863607376248
"((450, 'Powerstar'), (450, 'Powerstar'), (450, 'Powerstar'), (450, 'Powerstar'), (450, 'Powerstar'), (450, 'Powerstar'), (450, 'Powerstar'), (450, 'Powerstar'), (450, 'Powerstar'), (450, 'Powerstar'), (900, 'Imerse-II'), (1800, 'Imerse-III'), (1800, 'Imerse-III'))",30258,32742,31500,1756.4532444673841
"((450, 'Powerstar'), (450, 'Powerstar'), (900, 'Imerse-II'), (900, 'Imerse-II'), (900, 'Imerse-II'), (900, 'Imerse-II'), (900, 'Imerse-II'), (900, 'Imerse-II'), (900, 'Imerse-II'), (900, 'Imerse-II'))",29592,31734,30663,1514.6227253015848
"((450, 'Powerstar'), (450, 'Powerstar'), (450, 'Powerstar'), (450, 'Powerstar'), (450, 'Powerstar'), (450, 'Powerstar'), (450, 'Powerstar'), (450, 'Powerstar'), (450, 'Powerstar'), (450, 'Powerstar'), (900, 'Imerse-II'), (900, 'Imerse-II'), (1800, 'Imerse-III'))",28062,32418,30240,3080.157138848601
"((450, 'Powerstar'), (450, 'Powerstar'), (450, 'Powerstar'), (450, 'Powerstar'), (900, 'Imerse-II'), (900, 'Imerse-II'), (900, 'Imerse-II'), (900, 'Imerse-II'), (900, 'Imerse-II'), (900, 'Imerse-II'), (900, 'Imerse-II'))",26523,34542,30532.5,5670.289278334924
"((450, 'Powerstar'), (450, 'Powerstar'), (450, 'Powerstar'), (450, 'Powerstar'), (450, 'Powerstar'), (450, 'Powerstar'), (450, 'Powerstar'), (450, 'Powerstar'), (450, 'Powerstar'), (900, 'Imerse-II'), (1800, 'Imerse-III'), (1800, 'Imerse-III'))",29376,33075,31225.5,2615.5879836090394
"((450, 'Powerstar'), (450, 'Powerstar'), (450, 'Powerstar'), (450, 'Powerstar'), (450, 'Powerstar'), (450, 'Powerstar'), (450, 'Powerstar'), (450, 'Powerstar'), (450, 'Powerstar'), (900, 'Imerse-II'), (900, 'Imerse-II'), (1800, 'Imerse-III'))",27297,28827,28062,1081.8733752154178
"((450, 'Powerstar'), (450, 'Powerstar'), (900, 'Imerse-II'), (900, 'Imerse-II'), (900, 'Imerse-II'), (900, 'Imerse-II'), (900, 'Imerse-II'), (1800, 'Imerse-III'), (1800, 'Imerse-III'))",27351,36360,31855.5,6370.324991709606
"((450, 'Powerstar'), (450, 'Powerstar'), (450, 'Powerstar'), (450, 'Powerstar'), (450, 'Powerstar'), (450, 'Powerstar'), (450, 'Powerstar'), (450, 'Powerstar'), (450, 'Powerstar'), (450, 'Powerstar'), (450, 'Powerstar'), (450, 'Powerstar'), (450, 'Powerstar'), (450, 'Powerstar'), (900, 'Imerse-II'), (1800, 'Imerse-III'))",32436,34425,33430.5,1406.4353877800431
"((450, 'Powerstar'), (450, 'Powerstar'), (450, 'Powerstar'), (450, 'Powerstar'), (450, 'Powerstar'), (450, 'Powerstar'), (450, 'Powerstar'), (450, 'Powerstar'), (450, 'Powerstar'), (450, 'Powerstar'), (450, 'Powerstar'), (450, 'Powerstar'), (450, 'Powerstar'), (450, 'Powerstar'), (450, 'Powerstar'), (900, 'Imerse-II'))",27990,30339,29164.5,1660.9938290072002
"((450, 'Powerstar'), (450, 'Powerstar'), (450, 'Powerstar'), (450, 'Powerstar'), (450, 'Powerstar'), (450, 'Powerstar'), (900, 'Imerse-II'), (1800, 'Imerse-III'), (1800, 'Imerse-III'), (1800, 'Imerse-III'))",31257,33606,32431.5,1660.9938290072002
"((450, 'Powerstar'), (450, 'Powerstar'), (450, 'Powerstar'), (450, 'Powerstar'), (450, 'Powerstar'), (450, 'Powerstar'), (450, 'Powerstar'), (450, 'Powerstar'), (900, 'Imerse-II'), (900, 'Imerse-II'), (1800, 'Imerse-III'), (1800, 'Imerse-III'))",28071,31329,29700,2303.753893105772
"((450, 'Powerstar'), (450, 'Powerstar'), (450, 'Powerstar'), (450, 'Powerstar'), (450, 'Powerstar'), (900, 'Imerse-II'), (900, 'Imerse-II'), (900, 'Imerse-II'), (1800, 'Imerse-III'), (1800, 'Imerse-III'))",29277,32787,31032,2481.9448019647816
"((450, 'Powerstar'), (450, 'Powerstar'), (450, 'Powerstar'), (450, 'Powerstar'), (450, 'Powerstar'), (450, 'Powerstar'), (450, 'Powerstar'), (450, 'Powerstar'), (450, 'Powerstar'), (450, 'Powerstar'), (450, 'Powerstar'), (450, 'Powerstar'), (900, 'Imerse-II'), (900, 'Imerse-II'), (900, 'Imerse-II'))",30978,31887,31432.5,642.7600640985717
"((900, 'Imerse-II'), (900, 'Imerse-II'), (900, 'Imerse-II'), (900, 'Imerse-II'), (900, 'Imerse-II'), (900, 'Imerse-II'), (1800, 'Imerse-III'), (1800, 'Imerse-III'))",34056,35829,34942.5,1253.7003230437488
"((450, 'Powerstar'), (450, 'Powerstar'), (450, 'Powerstar'), (900, 'Imerse-II'), (900, 'Imerse-II'), (900, 'Imerse-II'), (900, 'Imerse-II'), (1800, 'Imerse-III'), (1800, 'Imerse-III'))",30411,34992,32701.5,3239.256164615574
"((450, 'Powerstar'), (450, 'Powerstar'), (450, 'Powerstar'), (900, 'Imerse-II'), (900, 'Imerse-II'), (1800, 'Imerse-III'), (1800, 'Imerse-III'), (1800, 'Imerse-III'))",33669,43065,38367,6643.975316028801
"((450, 'Powerstar'), (450, 'Powerstar'), (450, 'Powerstar'), (450, 'Powerstar'), (450, 'Powerstar'), (450, 'Powerstar'), (450, 'Powerstar'), (450, 'Powerstar'), (900, 'Imerse-II'), (900, 'Imerse-II'), (900, 'Imerse-II'), (1800, 'Imerse-III'))",28026,34839,31432.5,4817.518500223949
"((450, 'Powerstar'), (450, 'Powerstar'), (450, 'Powerstar'), (450, 'Powerstar'), (450, 'Powerstar'), (450, 'Powerstar'), (450, 'Powerstar'), (450, 'Powerstar'), (450, 'Powerstar'), (450, 'Powerstar'), (450, 'Powerstar'), (450, 'Powerstar'), (450, 'Powerstar'), (450, 'Powerstar'), (900, 'Imerse-II'), (900, 'Imerse-II'))",28287,28377,28332,63.63961030678928
"((450, 'Powerstar'), (450, 'Powerstar'), (450, 'Powerstar'), (450, 'Powerstar'), (450, 'Powerstar'), (450, 'Powerstar'), (450, 'Powerstar'), (450, 'Powerstar'), (450, 'Powerstar'), (450, 'Powerstar'), (450, 'Powerstar'), (450, 'Powerstar'), (450, 'Powerstar'), (900, 'Imerse-II'), (900, 'Imerse-II'))",32589,35775,34182,2252.84220486034
"((900, 'Imerse-II'), (900, 'Imerse-II'), (900, 'Imerse-II'), (900, 'Imerse-II'), (1800, 'Imerse-III'), (1800, 'Imerse-III'), (1800, 'Imerse-III'))",34578,37080,35829,1769.1811665287419
"((450, 'Powerstar'), (900, 'Imerse-II'), (900, 'Imerse-II'), (900, 'Imerse-II'), (900, 'Imerse-II'), (900, 'Imerse-II'), (900, 'Imerse-II'), (900, 'Imerse-II'), (1800, 'Imerse-III'))",33462,38898,36180,3843.8324625300725
"((450, 'Powerstar'), (450, 'Powerstar'), (450, 'Powerstar'), (450, 'Powerstar'), (900, 'Imerse-II'), (1800, 'Imerse-III'), (1800, 'Imerse-III'), (1800, 'Imerse-III'))",27972,29565,28768.5,1126.42110243017
"((450, 'Powerstar'), (450, 'Powerstar'), (450, 'Powerstar'), (450, 'Powerstar'), (450, 'Powerstar'), (450, 'Powerstar'), (900, 'Imerse-II'), (900, 'Imerse-II'), (900, 'Imerse-II'), (1800, 'Imerse-III'), (1800, 'Imerse-III'))",34605,38142,36373.5,2501.0366850568184
"((900, 'Imerse-II'), (900, 'Imerse-II'), (900, 'Imerse-II'), (900, 'Imerse-II'), (900, 'Imerse-II'), (900, 'Imerse-II'), (900, 'Imerse-II'), (1800, 'Imerse-III'))",29115,29952,29533.5,591.8483758531403
"((450, 'Powerstar'), (450, 'Powerstar'), (450, 'Powerstar'), (450, 'Powerstar'), (450, 'Powerstar'), (900, 'Imerse-II'), (900, 'Imerse-II'), (900, 'Imerse-II'), (900, 'Imerse-II'), (1800, 'Imerse-III'))",27234,32841,30037.5,3964.747722112972
"((450, 'Powerstar'), (450, 'Powerstar'), (450, 'Powerstar'), (450, 'Powerstar'), (450, 'Powerstar'), (900, 'Imerse-II'), (1800, 'Imerse-III'), (1800, 'Imerse-III'), (1800, 'Imerse-III'))",34020,41697,37858.5,5428.458759169125
"((450, 'Powerstar'), (450, 'Powerstar'), (450, 'Powerstar'), (450, 'Powerstar'), (450, 'Powerstar'), (450, 'Powerstar'), (900, 'Imerse-II'), (900, 'Imerse-II'), (900, 'Imerse-II'), (900, 'Imerse-II'), (1800, 'Imerse-III'))",30654,35334,32994,3309.2597359530423
"((900, 'Imerse-II'), (900, 'Imerse-II'), (900, 'Imerse-II'), (1800, 'Imerse-III'), (1800, 'Imerse-III'), (1800, 'Imerse-III'))",31284,41112,36198,6949.445445501389
"((450, 'Powerstar'), (450, 'Powerstar'), (450, 'Powerstar'), (450, 'Powerstar'), (450, 'Powerstar'), (450, 'Powerstar'), (450, 'Powerstar'), (900, 'Imerse-II'), (900, 'Imerse-II'), (900, 'Imerse-II'), (900, 'Imerse-II'), (1800, 'Imerse-III'))",32967,33957,33462,700.035713374682
"((450, 'Powerstar'), (450, 'Powerstar'), (900, 'Imerse-II'), (900, 'Imerse-II'), (900, 'Imerse-II'), (900, 'Imerse-II'), (900, 'Imerse-II'), (900, 'Imerse-II'), (1800, 'Imerse-III'))",28431,36810,32620.5,5924.847719562082
"((450, 'Powerstar'), (450, 'Powerstar'), (450, 'Powerstar'), (450, 'Powerstar'), (450, 'Powerstar'), (450, 'Powerstar'), (450, 'Powerstar'), (450, 'Powerstar'), (450, 'Powerstar'), (450, 'Powerstar'), (450, 'Powerstar'), (450, 'Powerstar'), (450, 'Powerstar'), (450, 'Powerstar'), (450, 'Powerstar'), (450, 'Powerstar'), (1800, 'Imerse-III'))",29781,30681,30231,636.3961030678928
"((450, 'Powerstar'), (450, 'Powerstar'), (450, 'Powerstar'), (900, 'Imerse-II'), (900, 'Imerse-II'), (900, 'Imerse-II'), (1800, 'Imerse-III'), (1800, 'Imerse-III'))",33219,35226,34222.5,1419.1633098414009
"((900, 'Imerse-II'), (900, 'Imerse-II'), (900, 'Imerse-II'), (900, 'Imerse-II'), (900, 'Imerse-II'), (900, 'Imerse-II'), (900, 'Imerse-II'), (900, 'Imerse-II'), (900, 'Imerse-II'))",30258,30600,30429,241.83051916579925
"((450, 'Powerstar'), (900, 'Imerse-II'), (900, 'Imerse-II'), (900, 'Imerse-II'), (900, 'Imerse-II'), (900, 'Imerse-II'), (1800, 'Imerse-III'), (1800, 'Imerse-III'))",28656,39249,33952.5,7490.382133109098
"((450, 'Powerstar'), (900, 'Imerse-II'), (900, 'Imerse-II'), (900, 'Imerse-II'), (1800, 'Imerse-III'), (1800, 'Imerse-III'), (1800, 'Imerse-III'))",29610,31680,30645,1463.7110370561534
"((900, 'Imerse-II'), (900, 'Imerse-II'), (1800, 'Imerse-III'), (1800, 'Imerse-III'), (1800, 'Imerse-III'), (1800, 'Imerse-III'))",27441,34110,30775.5,4715.695123733086
"((450, 'Powerstar'), (450, 'Powerstar'), (450, 'Powerstar'), (450, 'Powerstar'), (1800, 'Imerse-III'), (1800, 'Imerse-III'), (1800, 'Imerse-III'), (1800, 'Imerse-III'))",33165,34623,33894,1030.9616869699862
"((450, 'Powerstar'), (450, 'Powerstar'), (450, 'Powerstar'), (450, 'Powerstar'), (450, 'Powerstar'), (450, 'Powerstar'), (450, 'Powerstar'), (450, 'Powerstar'), (450, 'Powerstar'), (450, 'Powerstar'), (450, 'Powerstar'), (900, 'Imerse-II'), (1800, 'Imerse-III'))",27306,31086,29196,2672.86363288515
"((450, 'Powerstar'), (450, 'Powerstar'), (450, 'Powerstar'), (900, 'Imerse-II'), (900, 'Imerse-II'), (900, 'Imerse-II'), (900, 'Imerse-II'), (900, 'Imerse-II'), (900, 'Imerse-II'), (900, 'Imerse-II'))",29088,43632,36360,10284.161025577147
"((450, 'Powerstar'), (450, 'Powerstar'), (450, 'Powerstar'), (900, 'Imerse-II'), (1800, 'Imerse-III'), (1800, 'Imerse-III'), (1800, 'Imerse-III'))",29637,47439,38538,12587.914918682918
"((450, 'Powerstar'), (900, 'Imerse-II'), (900, 'Imerse-II'), (1800, 'Imerse-III'), (1800, 'Imerse-III'), (1800, 'Imerse-III'))",34353,47952,41152.5,9615.94511735586
"((450, 'Powerstar'), (450, 'Powerstar'), (450, 'Powerstar'), (450, 'Powerstar'), (450, 'Powerstar'), (450, 'Powerstar'), (450, 'Powerstar'), (450, 'Powerstar'), (450, 'Powerstar'), (450, 'Powerstar'), (450, 'Powerstar'), (450, 'Powerstar'), (450, 'Powerstar'), (450, 'Powerstar'), (450, 'Powerstar'), (450, 'Powerstar'), (900, 'Imerse-II'))",29142,31068,30105,1361.8876605652906
"((450, 'Powerstar'), (450, 'Powerstar'), (450, 'Powerstar'), (450, 'Powerstar'), (900, 'Imerse-II'), (900, 'Imerse-II'), (900, 'Imerse-II'), (900, 'Imerse-II'), (900, 'Imerse-II'), (900, 'Imerse-II'), (1800, 'Imerse-III'))",30780,33966,32373,2252.84220486034
"((900, 'Imerse-II'), (900, 'Imerse-II'), (900, 'Imerse-II'), (900, 'Imerse-II'), (900, 'Imerse-II'), (1800, 'Imerse-III'), (1800, 'Imerse-III'))",28386,30537,29461.5,1520.9866863322636
"((450, 'Powerstar'), (450, 'Powerstar'), (450, 'Powerstar'), (450, 'Powerstar'), (450, 'Powerstar'), (450, 'Powerstar'), (450, 'Powerstar'), (450, 'Powerstar'), (1800, 'Imerse-III'), (1800, 'Imerse-III'), (1800, 'Imerse-III'))",31140,31662,31401,369.10973977937783
"((450, 'Powerstar'), (450, 'Powerstar'), (450, 'Powerstar'), (450, 'Powerstar'), (450, 'Powerstar'), (450, 'Powerstar'), (450, 'Powerstar'), (450, 'Powerstar'), (900, 'Imerse-II'), (1800, 'Imerse-III'), (1800, 'Imerse-III'))",31095,34164,32629.5,2170.1107114615143
"((450, 'Powerstar'), (450, 'Powerstar'), (450, 'Powerstar'), (450, 'Powerstar'), (450, 'Powerstar'), (450, 'Powerstar'), (450, 'Powerstar'), (900, 'Imerse-II'), (900, 'Imerse-II'), (1800, 'Imerse-III'), (1800, 'Imerse-III'))",30879,32229,31554,954.5941546018391
"((450, 'Powerstar'), (900, 'Imerse-II'), (900, 'Imerse-II'), (900, 'Imerse-II'), (900, 'Imerse-II'), (900, 'Imerse-II'), (900, 'Imerse-II'), (900, 'Imerse-II'), (900, 'Imerse-II'))",29277,33588,31432.5,3048.3373336952063
"((450, 'Powerstar'), (450, 'Powerstar'), (450, 'Powerstar'), (450, 'Powerstar'), (450, 'Powerstar'), (900, 'Imerse-II'), (900, 'Imerse-II'), (900, 'Imerse-II'), (900, 'Imerse-II'), (900, 'Imerse-II'), (900, 'Imerse-II'))",30690,34596,32643,2761.9590873146544
"((450, 'Powerstar'), (450, 'Powerstar'), (450, 'Powerstar'), (450, 'Powerstar'), (900, 'Imerse-II'), (900, 'Imerse-II'), (900, 'Imerse-II'), (1800, 'Imerse-III'), (1800, 'Imerse-III'))",30537,39303,34920,6198.498043881275
"((450, 'Powerstar'), (450, 'Powerstar'), (450, 'Powerstar'), (450, 'Powerstar'), (450, 'Powerstar'), (450, 'Powerstar'), (450, 'Powerstar'), (450, 'Powerstar'), (450, 'Powerstar'), (450, 'Powerstar'), (450, 'Powerstar'), (450, 'Powerstar'), (900, 'Imerse-II'), (900, 'Imerse-II'), (1800, 'Imerse-III'))",29997,31176,30586.5,833.6788950189396
"((450, 'Powerstar'), (1800, 'Imerse-III'), (1800, 'Imerse-III'), (1800, 'Imerse-III'), (1800, 'Imerse-III'))",31545,35658,33601.5,2908.33019102027
"((450, 'Powerstar'), (450, 'Powerstar'), (450, 'Powerstar'), (450, 'Powerstar'), (450, 'Powerstar'), (450, 'Powerstar'), (450, 'Powerstar'), (450, 'Powerstar'), (450, 'Powerstar'), (450, 'Powerstar'), (1800, 'Imerse-III'), (1800, 'Imerse-III'))",31914,33759,32836.5,1304.6120112891801
"((450, 'Powerstar'), (450, 'Powerstar'), (450, 'Powerstar'), (450, 'Powerstar'), (450, 'Powerstar'), (450, 'Powerstar'), (450, 'Powerstar'), (450, 'Powerstar'), (450, 'Powerstar'), (450, 'Powerstar'), (450, 'Powerstar'), (1800, 'Imerse-III'), (1800, 'Imerse-III'))",28881,34758,31819.5,4155.666553033339
"((450, 'Powerstar'), (450, 'Powerstar'), (450, 'Powerstar'), (450, 'Powerstar'), (450, 'Powerstar'), (450, 'Powerstar'), (450, 'Powerstar'), (450, 'Powerstar'), (450, 'Powerstar'), (450, 'Powerstar'), (450, 'Powerstar'), (900, 'Imerse-II'), (900, 'Imerse-II'), (1800, 'Imerse-III'))",28098,29079,28588.5,693.6717523440032
"((900, 'Imerse-II'), (1800, 'Imerse-III'), (1800, 'Imerse-III'), (1800, 'Imerse-III'), (1800, 'Imerse-III'))",30501,38115,34308,5383.911031954372
"((450, 'Powerstar'), (450, 'Powerstar'), (450, 'Powerstar'), (450, 'Powerstar'), (450, 'Powerstar'), (900, 'Imerse-II'), (900, 'Imerse-II'), (900, 'Imerse-II'), (900, 'Imerse-II'), (900, 'Imerse-II'), (1800, 'Imerse-III'))",29277,37314,33295.5,5683.0172003962825
"((450, 'Powerstar'), (450, 'Powerstar'), (450, 'Powerstar'), (450, 'Powerstar'), (450, 'Powerstar'), (450, 'Powerstar'), (450, 'Powerstar'), (450, 'Powerstar'), (450, 'Powerstar'), (450, 'Powerstar'), (450, 'Powerstar'), (900, 'Imerse-II'), (900, 'Imerse-II'), (900, 'Imerse-II'))",32202,32769,32485.5,400.92954493277244
"((450, 'Powerstar'), (450, 'Powerstar'), (450, 'Powerstar'), (900, 'Imerse-II'), (900, 'Imerse-II'), (900, 'Imerse-II'), (900, 'Imerse-II'), (900, 'Imerse-II'), (1800, 'Imerse-III'))",30897,34335,32616,2431.0331137193502
"((1800, 'Imerse-III'), (1800, 'Imerse-III'), (1800, 'Imerse-III'), (1800, 'Imerse-III'), (1800, 'Imerse-III'))",34290,37575,35932.5,2322.8457761978084
"((450, 'Powerstar'), (450, 'Powerstar'), (450, 'Powerstar'), (450, 'Powerstar'), (900, 'Imerse-II'), (900, 'Imerse-II'), (900, 'Imerse-II'), (900, 'Imerse-II'), (900, 'Imerse-II'), (1800, 'Imerse-III'))",33228,35478,34353,1590.9902576697318
"((450, 'Powerstar'), (450, 'Powerstar'), (450, 'Powerstar'), (450, 'Powerstar'), (450, 'Powerstar'), (450, 'Powerstar'), (450, 'Powerstar'), (1800, 'Imerse-III'), (1800, 'Imerse-III'), (1800, 'Imerse-III'))",32310,32778,32544,330.92597359530424
"((450, 'Powerstar'), (450, 'Powerstar'), (900, 'Imerse-II'), (900, 'Imerse-II'), (900, 'Imerse-II'), (900, 'Imerse-II'), (1800, 'Imerse-III'), (1800, 'Imerse-III'))",28746,33408,31077,3296.5318138916846
"((450, 'Powerstar'), (450, 'Powerstar'), (450, 'Powerstar'), (450, 'Powerstar'), (450, 'Powerstar'), (450, 'Powerstar'), (900, 'Imerse-II'), (900, 'Imerse-II'), (900, 'Imerse-II'), (900, 'Imerse-II'), (900, 'Imerse-II'), (900, 'Imerse-II'))",30069,34533,32301,3156.524671216748
"((450, 'Powerstar'), (450, 'Powerstar'), (450, 'Powerstar'), (450, 'Powerstar'), (450, 'Powerstar'), (450, 'Powerstar'), (450, 'Powerstar'), (450, 'Powerstar'), (450, 'Powerstar'), (450, 'Powerstar'), (900, 'Imerse-II'), (900, 'Imerse-II'), (900, 'Imerse-II'), (1800, 'Imerse-III'))",30276,30798,30537,369.10973977937783
"((450, 'Powerstar'), (450, 'Powerstar'), (450, 'Powerstar'), (450, 'Powerstar'), (900, 'Imerse-II'), (900, 'Imerse-II'), (900, 'Imerse-II'), (900, 'Imerse-II'), (1800, 'Imerse-III'), (1800, 'Imerse-III'))",33309,34281,33795,687.3077913133242
"((450, 'Powerstar'), (450, 'Powerstar'), (450, 'Powerstar'), (450, 'Powerstar'), (450, 'Powerstar'), (450, 'Powerstar'), (900, 'Imerse-II'), (900, 'Imerse-II'), (1800, 'Imerse-III'), (1800, 'Imerse-III'))",28539,32994,30766.5,3150.160710186069
"((450, 'Powerstar'), (450, 'Powerstar'), (900, 'Imerse-II'), (900, 'Imerse-II'), (900, 'Imerse-II'), (1800, 'Imerse-III'), (1800, 'Imerse-III'), (1800, 'Imerse-III'))",30726,31572,31149,598.2123368838193
"((450, 'Powerstar'), (450, 'Powerstar'), (450, 'Powerstar'), (450, 'Powerstar'), (900, 'Imerse-II'), (900, 'Imerse-II'), (1800, 'Imerse-III'), (1800, 'Imerse-III'), (1800, 'Imerse-III'))",30798,32580,31689,1260.0642840744276
"((450, 'Powerstar'), (450, 'Powerstar'), (450, 'Powerstar'), (450, 'Powerstar'), (450, 'Powerstar'), (450, 'Powerstar'), (450, 'Powerstar'), (450, 'Powerstar'), (450, 'Powerstar'), (450, 'Powerstar'), (450, 'Powerstar'), (450, 'Powerstar'), (450, 'Powerstar'), (450, 'Powerstar'), (1800, 'Imerse-III'))",28782,33984,31383,3678.36947573242
"((450, 'Powerstar'), (450, 'Powerstar'), (450, 'Powerstar'), (450, 'Powerstar'), (450, 'Powerstar'), (1800, 'Imerse-III'), (1800, 'Imerse-III'), (1800, 'Imerse-III'))",35163,37746,36454.5,1826.4568158048523
"((450, 'Powerstar'), (450, 'Powerstar'), (900, 'Imerse-II'), (900, 'Imerse-II'), (1800, 'Imerse-III'), (1800, 'Imerse-III'), (1800, 'Imerse-III'))",30222,31437,30829.5,859.1347391416552
"((450, 'Powerstar'), (450, 'Powerstar'), (450, 'Powerstar'), (450, 'Powerstar'), (450, 'Powerstar'), (450, 'Powerstar'), (450, 'Powerstar'), (900, 'Imerse-II'), (1800, 'Imerse-III'), (1800, 'Imerse-III'))",30258,38205,34231.5,5619.377590089493
"((450, 'Powerstar'), (450, 'Powerstar'), (450, 'Powerstar'), (450, 'Powerstar'), (450, 'Powerstar'), (450, 'Powerstar'), (450, 'Powerstar'), (900, 'Imerse-II'), (900, 'Imerse-II'), (900, 'Imerse-II'), (1800, 'Imerse-III'))",33120,34677,33898.5,1100.9652583074544
"((450, 'Powerstar'), (450, 'Powerstar'), (450, 'Powerstar'), (450, 'Powerstar'), (450, 'Powerstar'), (450, 'Powerstar'), (450, 'Powerstar'), (450, 'Powerstar'), (450, 'Powerstar'), (450, 'Powerstar'), (450, 'Powerstar'), (450, 'Powerstar'), (1800, 'Imerse-III'), (1800, 'Imerse-III'))",30654,31446,31050,560.0285706997456
"((450, 'Powerstar'), (450, 'Powerstar'), (450, 'Powerstar'), (450, 'Powerstar'), (450, 'Powerstar'), (450, 'Powerstar'), (450, 'Powerstar'), (450, 'Powerstar'), (450, 'Powerstar'), (450, 'Powerstar'), (450, 'Powerstar'), (450, 'Powerstar'), (450, 'Powerstar'), (900, 'Imerse-II'), (1800, 'Imerse-III'))",29808,32976,31392,2240.1142827989825
"((450, 'Powerstar'), (450, 'Powerstar'), (1800, 'Imerse-III'), (1800, 'Imerse-III'), (1800, 'Imerse-III'), (1800, 'Imerse-III'))",28449,30312,29380.5,1317.339933350538
"((450, 'Powerstar'), (900, 'Imerse-II'), (900, 'Imerse-II'), (900, 'Imerse-II'), (900, 'Imerse-II'), (1800, 'Imerse-III'), (1800, 'Imerse-III'))",27126,33264,30195,4340.2214229230285
"((450, 'Powerstar'), (450, 'Powerstar'), (450, 'Powerstar'), (450, 'Powerstar'), (450, 'Powerstar'), (450, 'Powerstar'), (450, 'Powerstar'), (900, 'Imerse-II'), (900, 'Imerse-II'), (900, 'Imerse-II'), (900, 'Imerse-II'), (900, 'Imerse-II'))",28044,28881,28462.5,591.8483758531403
"((450, 'Powerstar'), (450, 'Powerstar'), (450, 'Powerstar'), (450, 'Powerstar'), (450, 'Powerstar'), (900, 'Imerse-II'), (900, 'Imerse-II'), (1800, 'Imerse-III'), (1800, 'Imerse-III'))",26937,30519,28728,2532.8564902102135
"((450, 'Powerstar'), (450, 'Powerstar'), (450, 'Powerstar'), (450, 'Powerstar'), (450, 'Powerstar'), (450, 'Powerstar'), (450, 'Powerstar'), (450, 'Powerstar'), (450, 'Powerstar'), (450, 'Powerstar'), (450, 'Powerstar'), (450, 'Powerstar'), (450, 'Powerstar'), (1800, 'Imerse-III'))",30726,34209,32467.5,2462.8529188727452
"((450, 'Powerstar'), (450, 'Powerstar'), (450, 'Powerstar'), (450, 'Powerstar'), (450, 'Powerstar'), (450, 'Powerstar'), (450, 'Powerstar'), (450, 'Powerstar'), (450, 'Powerstar'), (1800, 'Imerse-III'), (1800, 'Imerse-III'))",28206,30645,29425.5,1724.6334393139894
"((450, 'Powerstar'), (450, 'Powerstar'), (450, 'Powerstar'), (450, 'Powerstar'), (450, 'Powerstar'), (450, 'Powerstar'), (450, 'Powerstar'), (450, 'Powerstar'), (450, 'Powerstar'), (900, 'Imerse-II'), (900, 'Imerse-II'), (900, 'Imerse-II'), (900, 'Imerse-II'))",30753,31644,31198.5,630.0321420372138
"((450, 'Powerstar'), (450, 'Powerstar'), (450, 'Powerstar'), (450, 'Powerstar'), (450, 'Powerstar'), (450, 'Powerstar'), (450, 'Powerstar'), (450, 'Powerstar'), (450, 'Powerstar'), (450, 'Powerstar'), (450, 'Powerstar'), (450, 'Powerstar'), (450, 'Powerstar'), (450, 'Powerstar'), (450, 'Powerstar'), (1800, 'Imerse-III'))",32814,34884,33849,1463.7110370561534
"((450, 'Powerstar'), (450, 'Powerstar'), (450, 'Powerstar'), (450, 'Powerstar'), (450, 'Powerstar'), (450, 'Powerstar'), (450, 'Powerstar'), (450, 'Powerstar'), (450, 'Powerstar'), (450, 'Powerstar'), (450, 'Powerstar'), (450, 'Powerstar'), (900, 'Imerse-II'), (1800, 'Imerse-III'))",29574,32553,31063.5,2106.471101154725
"((450, 'Powerstar'), (450, 'Powerstar'), (450, 'Powerstar'), (450, 'Powerstar'), (450, 'Powerstar'), (450, 'Powerstar'), (450, 'Powerstar'), (450, 'Powerstar'), (450, 'Powerstar'), (450, 'Powerstar'), (450, 'Powerstar'), (450, 'Powerstar'), (450, 'Powerstar'), (450, 'Powerstar'), (450, 'Powerstar'), (450, 'Powerstar'), (450, 'Powerstar'))",29313,30042,29677.5,515.4808434849931
"((450, 'Powerstar'), (450, 'Powerstar'), (450, 'Powerstar'), (450, 'Powerstar'), (450, 'Powerstar'), (450, 'Powerstar'), (450, 'Powerstar'), (450, 'Powerstar'), (450, 'Powerstar'), (450, 'Powerstar'), (900, 'Imerse-II'), (900, 'Imerse-II'), (900, 'Imerse-II'), (900, 'Imerse-II'))",29610,35604,32607,4238.398046432166
"((450, 'Powerstar'), (450, 'Powerstar'), (450, 'Powerstar'), (450, 'Powerstar'), (450, 'Powerstar'), (450, 'Powerstar'), (900, 'Imerse-II'), (900, 'Imerse-II'), (900, 'Imerse-II'), (900, 'Imerse-II'), (900, 'Imerse-II'), (1800, 'Imerse-III'))",29160,36072,32616,4887.522071561417
"((450, 'Powerstar'), (450, 'Powerstar'), (900, 'Imerse-II'), (1800, 'Imerse-III'), (1800, 'Imerse-III'), (1800, 'Imerse-III'), (1800, 'Imerse-III'))",30429,30609,30519,127.27922061357856
"((450, 'Powerstar'), (450, 'Powerstar'), (900, 'Imerse-II'), (900, 'Imerse-II'), (900, 'Imerse-II'), (900, 'Imerse-II'), (900, 'Imerse-II'), (900, 'Imerse-II'), (900, 'Imerse-II'), (1800, 'Imerse-III'))",29988,32850,31419,2023.739607755899
"((900, 'Imerse-II'), (900, 'Imerse-II'), (900, 'Imerse-II'), (900, 'Imerse-II'), (900, 'Imerse-II'), (900, 'Imerse-II'), (900, 'Imerse-II'), (900, 'Imerse-II'), (1800, 'Imerse-III'))",32031,35091,33561,2163.7467504308356
"((450, 'Powerstar'), (450, 'Powerstar'), (450, 'Powerstar'), (450, 'Powerstar'), (450, 'Powerstar'), (450, 'Powerstar'), (450, 'Powerstar'), (450, 'Powerstar'), (900, 'Imerse-II'), (900, 'Imerse-II'), (900, 'Imerse-II'), (900, 'Imerse-II'), (900, 'Imerse-II'))",31320,34686,33003,2380.121425473919
