"((450, 'Powerstar'), (450, 'Powerstar'), (450, 'Powerstar'), (450, 'Powerstar'), (450, 'Powerstar'), (450, 'Powerstar'), (450, 'Powerstar'), (450, 'Powerstar'), (1800, 'Imerse-III'), (1800, 'Imerse-III'), (1800, 'Imerse-III'))",26964,27486,27168.3,119.2245042432985
"((450, 'Powerstar'), (900, 'Imerse-II'), (900, 'Imerse-II'), (900, 'Imerse-II'), (1800, 'Imerse-III'), (1800, 'Imerse-III'), (1800, 'Imerse-III'))",24786,26649,25402.635,341.28393663049843
"((450, 'Powerstar'), (450, 'Powerstar'), (450, 'Powerstar'), (450, 'Powerstar'), (900, 'Imerse-II'), (900, 'Imerse-II'), (900, 'Imerse-II'), (900, 'Imerse-II'), (900, 'Imerse-II'), (900, 'Imerse-II'), (900, 'Imerse-II'))",25092,26307,25518.96,262.2200318923559
"((450, 'Powerstar'), (450, 'Powerstar'), (450, 'Powerstar'), (450, 'Powerstar'), (450, 'Powerstar'), (1800, 'Imerse-III'), (1800, 'Imerse-III'), (1800, 'Imerse-III'))",25776,26289,25970.895,98.29068761259525
"((450, 'Powerstar'), (450, 'Powerstar'), (450, 'Powerstar'), (450, 'Powerstar'), (450, 'Powerstar'), (450, 'Powerstar'), (450, 'Powerstar'), (450, 'Powerstar'), (900, 'Imerse-II'), (900, 'Imerse-II'), (900, 'Imerse-II'), (900, 'Imerse-II'), (1800, 'Imerse-III'))",24903,26640,25369.65,246.25169437980446
"((900, 'Imerse-II'), (900, 'Imerse-II'), (900, 'Imerse-II'), (900, 'Imerse-II'), (900, 'Imerse-II'), (1800, 'Imerse-III'), (1800, 'Imerse-III'))",25164,26136,25484.76,192.8935770322628
"((450, 'Powerstar'), (450, 'Powerstar'), (450, 'Powerstar'), (450, 'Powerstar'), (450, 'Powerstar'), (450, 'Powerstar'), (450, 'Powerstar'), (900, 'Imerse-II'), (900, 'Imerse-II'), (900, 'Imerse-II'), (900, 'Imerse-II'), (900, 'Imerse-II'))",24966,25605,25159.545,124.79574457617379
"((450, 'Powerstar'), (450, 'Powerstar'), (450, 'Powerstar'), (450, 'Powerstar'), (450, 'Powerstar'), (450, 'Powerstar'), (450, 'Powerstar'), (900, 'Imerse-II'), (900, 'Imerse-II'), (1800, 'Imerse-III'), (1800, 'Imerse-III'))",26289,26991,26514.765,125.40995999252465
"((450, 'Powerstar'), (450, 'Powerstar'), (450, 'Powerstar'), (450, 'Powerstar'), (450, 'Powerstar'), (450, 'Powerstar'), (450, 'Powerstar'), (450, 'Powerstar'), (450, 'Powerstar'), (450, 'Powerstar'), (900, 'Imerse-II'), (900, 'Imerse-II'), (1800, 'Imerse-III'))",25236,25668,25440.21,76.6621898773047
"((450, 'Powerstar'), (450, 'Powerstar'), (450, 'Powerstar'), (450, 'Powerstar'), (450, 'Powerstar'), (450, 'Powerstar'), (450, 'Powerstar'), (450, 'Powerstar'), (450, 'Powerstar'), (450, 'Powerstar'), (900, 'Imerse-II'), (900, 'Imerse-II'), (900, 'Imerse-II'), (1800, 'Imerse-III'))",24624,25695,24968.475,189.800396012846
"((450, 'Powerstar'), (450, 'Powerstar'), (450, 'Powerstar'), (450, 'Powerstar'), (450, 'Powerstar'), (450, 'Powerstar'), (900, 'Imerse-II'), (1800, 'Imerse-III'), (1800, 'Imerse-III'), (1800, 'Imerse-III'))",24984,26145,25225.965,175.9223040444318
"((450, 'Powerstar'), (450, 'Powerstar'), (450, 'Powerstar'), (450, 'Powerstar'), (450, 'Powerstar'), (450, 'Powerstar'), (450, 'Powerstar'), (450, 'Powerstar'), (450, 'Powerstar'), (450, 'Powerstar'), (450, 'Powerstar'), (450, 'Powerstar'), (450, 'Powerstar'), (450, 'Powerstar'), (900, 'Imerse-II'), (1800, 'Imerse-III'))",24084,25020,24513.795,200.4527111867299
"((900, 'Imerse-II'), (900, 'Imerse-II'), (1800, 'Imerse-III'), (1800, 'Imerse-III'), (1800, 'Imerse-III'), (1800, 'Imerse-III'))",24912,25866,25232.04,201.91577028914134
"((450, 'Powerstar'), (450, 'Powerstar'), (450, 'Powerstar'), (900, 'Imerse-II'), (900, 'Imerse-II'), (900, 'Imerse-II'), (900, 'Imerse-II'), (900, 'Imerse-II'), (1800, 'Imerse-III'))",24435,24912,24597.45,79.2589262287515
"((900, 'Imerse-II'), (900, 'Imerse-II'), (900, 'Imerse-II'), (900, 'Imerse-II'), (900, 'Imerse-II'), (900, 'Imerse-II'), (900, 'Imerse-II'), (900, 'Imerse-II'), (1800, 'Imerse-III'))",24795,26154,25276.14,264.9797193339359
"((450, 'Powerstar'), (900, 'Imerse-II'), (900, 'Imerse-II'), (900, 'Imerse-II'), (900, 'Imerse-II'), (900, 'Imerse-II'), (900, 'Imerse-II'), (900, 'Imerse-II'), (1800, 'Imerse-III'))",24408,25110,24653.52,160.8252886437226
"((450, 'Powerstar'), (450, 'Powerstar'), (450, 'Powerstar'), (450, 'Powerstar'), (450, 'Powerstar'), (450, 'Powerstar'), (450, 'Powerstar'), (450, 'Powerstar'), (900, 'Imerse-II'), (900, 'Imerse-II'), (1800, 'Imerse-III'), (1800, 'Imerse-III'))",25047,25965,25253.865,160.3038784378315
"((450, 'Powerstar'), (450, 'Powerstar'), (450, 'Powerstar'), (450, 'Powerstar'), (900, 'Imerse-II'), (900, 'Imerse-II'), (900, 'Imerse-II'), (900, 'Imerse-II'), (900, 'Imerse-II'), (1800, 'Imerse-III'))",24084,24984,24223.59,146.04326439578406
"((450, 'Powerstar'), (450, 'Powerstar'), (450, 'Powerstar'), (450, 'Powerstar'), (450, 'Powerstar'), (450, 'Powerstar'), (450, 'Powerstar'), (450, 'Powerstar'), (450, 'Powerstar'), (900, 'Imerse-II'), (900, 'Imerse-II'), (900, 'Imerse-II'), (900, 'Imerse-II'))",24489,25146,24706.935,118.41563277467691
"((450, 'Powerstar'), (450, 'Powerstar'), (450, 'Powerstar'), (450, 'Powerstar'), (450, 'Powerstar'), (450, 'Powerstar'), (450, 'Powerstar'), (450, 'Powerstar'), (450, 'Powerstar'), (450, 'Powerstar'), (450, 'Powerstar'), (900, 'Imerse-II'), (900, 'Imerse-II'), (1800, 'Imerse-III'))",24516,25434,24880.545,162.68697932288876
"((450, 'Powerstar'), (450, 'Powerstar'), (450, 'Powerstar'), (900, 'Imerse-II'), (900, 'Imerse-II'), (1800, 'Imerse-III'), (1800, 'Imerse-III'), (1800, 'Imerse-III'))",24183,25443,24615.135,309.9549761030709
"((450, 'Powerstar'), (450, 'Powerstar'), (450, 'Powerstar'), (1800, 'Imerse-III'), (1800, 'Imerse-III'), (1800, 'Imerse-III'), (1800, 'Imerse-III'))",25029,26964,25801.56,435.0172022244129
"((450, 'Powerstar'), (450, 'Powerstar'), (450, 'Powerstar'), (450, 'Powerstar'), (450, 'Powerstar'), (450, 'Powerstar'), (900, 'Imerse-II'), (900, 'Imerse-II'), (900, 'Imerse-II'), (900, 'Imerse-II'), (900, 'Imerse-II'), (1800, 'Imerse-III'))",24597,26055,25088.445,278.5815596948406
"((450, 'Powerstar'), (450, 'Powerstar'), (450, 'Powerstar'), (450, 'Powerstar'), (450, 'Powerstar'), (900, 'Imerse-II'), (900, 'Imerse-II'), (900, 'Imerse-II'), (900, 'Imerse-II'), (900, 'Imerse-II'), (1800, 'Imerse-III'))",25695,26730,25980.3,197.30187568990257
"((450, 'Powerstar'), (450, 'Powerstar'), (450, 'Powerstar'), (450, 'Powerstar'), (450, 'Powerstar'), (450, 'Powerstar'), (450, 'Powerstar'), (450, 'Powerstar'), (900, 'Imerse-II'), (900, 'Imerse-II'), (900, 'Imerse-II'), (1800, 'Imerse-III'))",24642,25317,24794.91,134.93211358450557
"((450, 'Powerstar'), (450, 'Powerstar'), (450, 'Powerstar'), (900, 'Imerse-II'), (900, 'Imerse-II'), (900, 'Imerse-II'), (900, 'Imerse-II'), (900, 'Imerse-II'), (900, 'Imerse-II'), (1800, 'Imerse-III'))",24390,25812,24643.035,218.7380061895024
"((450, 'Powerstar'), (450, 'Powerstar'), (450, 'Powerstar'), (450, 'Powerstar'), (450, 'Powerstar'), (450, 'Powerstar'), (450, 'Powerstar'), (450, 'Powerstar'), (450, 'Powerstar'), (450, 'Powerstar'), (450, 'Powerstar'), (450, 'Powerstar'), (450, 'Powerstar'), (450, 'Powerstar'), (900, 'Imerse-II'), (900, 'Imerse-II'))",23571,24543,24051.24,190.07920168859314
"((450, 'Powerstar'), (450, 'Powerstar'), (450, 'Powerstar'), (450, 'Powerstar'), (450, 'Powerstar'), (450, 'Powerstar'), (450, 'Powerstar'), (450, 'Powerstar'), (450, 'Powerstar'), (450, 'Powerstar'), (450, 'Powerstar'), (450, 'Powerstar'), (900, 'Imerse-II'), (900, 'Imerse-II'), (900, 'Imerse-II'))",24660,26334,25314.12,259.9957007762062
"((450, 'Powerstar'), (450, 'Powerstar'), (450, 'Powerstar'), (900, 'Imerse-II'), (900, 'Imerse-II'), (900, 'Imerse-II'), (900, 'Imerse-II'), (1800, 'Imerse-III'), (1800, 'Imerse-III'))",24885,26478,25249.68,248.83850305572705
"((450, 'Powerstar'), (450, 'Powerstar'), (1800, 'Imerse-III'), (1800, 'Imerse-III'), (1800, 'Imerse-III'), (1800, 'Imerse-III'))",24993,26289,25352.73,247.6069325873705
"((450, 'Powerstar'), (450, 'Powerstar'), (450, 'Powerstar'), (450, 'Powerstar'), (450, 'Powerstar'), (450, 'Powerstar'), (450, 'Powerstar'), (450, 'Powerstar'), (450, 'Powerstar'), (450, 'Powerstar'), (450, 'Powerstar'), (450, 'Powerstar'), (450, 'Powerstar'), (450, 'Powerstar'), (1800, 'Imerse-III'))",25056,26028,25467.3,177.49742725858616
"((450, 'Powerstar'), (450, 'Powerstar'), (450, 'Powerstar'), (450, 'Powerstar'), (450, 'Powerstar'), (450, 'Powerstar'), (450, 'Powerstar'), (450, 'Powerstar'), (450, 'Powerstar'), (900, 'Imerse-II'), (900, 'Imerse-II'), (900, 'Imerse-II'), (1800, 'Imerse-III'))",24831,25497,25106.985,118.75338566979975
"((450, 'Powerstar'), (450, 'Powerstar'), (450, 'Powerstar'), (450, 'Powerstar'), (450, 'Powerstar'), (450, 'Powerstar'), (450, 'Powerstar'), (450, 'Powerstar'), (450, 'Powerstar'), (450, 'Powerstar'), (450, 'Powerstar'), (450, 'Powerstar'), (450, 'Powerstar'), (900, 'Imerse-II'), (1800, 'Imerse-III'))",24777,25983,25166.88,205.19539799124132
"((450, 'Powerstar'), (450, 'Powerstar'), (450, 'Powerstar'), (450, 'Powerstar'), (450, 'Powerstar'), (450, 'Powerstar'), (450, 'Powerstar'), (450, 'Powerstar'), (450, 'Powerstar'), (450, 'Powerstar'), (450, 'Powerstar'), (450, 'Powerstar'), (450, 'Powerstar'), (450, 'Powerstar'), (450, 'Powerstar'), (450, 'Powerstar'), (1800, 'Imerse-III'))",23958,25362,24418.305,219.70021140055198
"((450, 'Powerstar'), (450, 'Powerstar'), (900, 'Imerse-II'), (1800, 'Imerse-III'), (1800, 'Imerse-III'), (1800, 'Imerse-III'), (1800, 'Imerse-III'))",24525,26352,25186.86,392.1710225842469
"((450, 'Powerstar'), (450, 'Powerstar'), (450, 'Powerstar'), (450, 'Powerstar'), (900, 'Imerse-II'), (900, 'Imerse-II'), (1800, 'Imerse-III'), (1800, 'Imerse-III'), (1800, 'Imerse-III'))",24669,25668,24908.58,151.6399915430487
"((900, 'Imerse-II'), (900, 'Imerse-II'), (900, 'Imerse-II'), (1800, 'Imerse-III'), (1800, 'Imerse-III'), (1800, 'Imerse-III'))",24957,25668,25212.15,141.31150770922827
"((450, 'Powerstar'), (450, 'Powerstar'), (450, 'Powerstar'), (450, 'Powerstar'), (450, 'Powerstar'), (450, 'Powerstar'), (450, 'Powerstar'), (900, 'Imerse-II'), (1800, 'Imerse-III'), (1800, 'Imerse-III'))",25443,25785,25530.705,67.83158256273272
"((450, 'Powerstar'), (450, 'Powerstar'), (450, 'Powerstar'), (450, 'Powerstar'), (900, 'Imerse-II'), (1800, 'Imerse-III'), (1800, 'Imerse-III'), (1800, 'Imerse-III'))",24912,26550,25646.94,382.71017991300573
"((450, 'Powerstar'), (450, 'Powerstar'), (450, 'Powerstar'), (450, 'Powerstar'), (450, 'Powerstar'), (900, 'Imerse-II'), (900, 'Imerse-II'), (900, 'Imerse-II'), (900, 'Imerse-II'), (900, 'Imerse-II'), (900, 'Imerse-II'))",25164,25839,25465.005,128.62705614630352
"((450, 'Powerstar'), (450, 'Powerstar'), (450, 'Powerstar'), (450, 'Powerstar'), (450, 'Powerstar'), (450, 'Powerstar'), (900, 'Imerse-II'), (900, 'Imerse-II'), (900, 'Imerse-II'), (1800, 'Imerse-III'), (1800, 'Imerse-III'))",25740,26982,26079.48,201.48900390211705
"((450, 'Powerstar'), (450, 'Powerstar'), (450, 'Powerstar'), (450, 'Powerstar'), (450, 'Powerstar'), (450, 'Powerstar'), (450, 'Powerstar'), (450, 'Powerstar'), (450, 'Powerstar'), (450, 'Powerstar'), (450, 'Powerstar'), (450, 'Powerstar'), (450, 'Powerstar'), (450, 'Powerstar'), (450, 'Powerstar'), (1800, 'Imerse-III'))",23643,24480,23978.025,167.87448761787726
"((450, 'Powerstar'), (450, 'Powerstar'), (450, 'Powerstar'), (450, 'Powerstar'), (450, 'Powerstar'), (450, 'Powerstar'), (450, 'Powerstar'), (450, 'Powerstar'), (900, 'Imerse-II'), (900, 'Imerse-II'), (900, 'Imerse-II'), (900, 'Imerse-II'), (900, 'Imerse-II'))",24435,25470,24868.305,198.14877405195182
"((450, 'Powerstar'), (450, 'Powerstar'), (450, 'Powerstar'), (900, 'Imerse-II'), (900, 'Imerse-II'), (900, 'Imerse-II'), (1800, 'Imerse-III'), (1800, 'Imerse-III'))",23994,24309,24139.53,43.12106481936385
"((450, 'Powerstar'), (450, 'Powerstar'), (450, 'Powerstar'), (450, 'Powerstar'), (450, 'Powerstar'), (450, 'Powerstar'), (450, 'Powerstar'), (1800, 'Imerse-III'), (1800, 'Imerse-III'), (1800, 'Imerse-III'))",25506,26955,25846.695,231.65984415077162
"((450, 'Powerstar'), (900, 'Imerse-II'), (900, 'Imerse-II'), (900, 'Imerse-II'), (900, 'Imerse-II'), (900, 'Imerse-II'), (1800, 'Imerse-III'), (1800, 'Imerse-III'))",24453,25263,24720.885,167.48011739791113
"((450, 'Powerstar'), (450, 'Powerstar'), (450, 'Powerstar'), (450, 'Powerstar'), (450, 'Powerstar'), (450, 'Powerstar'), (450, 'Powerstar'), (900, 'Imerse-II'), (900, 'Imerse-II'), (900, 'Imerse-II'), (1800, 'Imerse-III'))",25947,26505,26148.195,103.08237899513419
"((450, 'Powerstar'), (450, 'Powerstar'), (900, 'Imerse-II'), (900, 'Imerse-II'), (900, 'Imerse-II'), (900, 'Imerse-II'), (900, 'Imerse-II'), (900, 'Imerse-II'), (1800, 'Imerse-III'))",24678,25218,24809.265,91.28999997522942
"((450, 'Powerstar'), (450, 'Powerstar'), (450, 'Powerstar'), (450, 'Powerstar'), (450, 'Powerstar'), (450, 'Powerstar'), (450, 'Powerstar'), (450, 'Powerstar'), (450, 'Powerstar'), (450, 'Powerstar'), (450, 'Powerstar'), (450, 'Powerstar'), (450, 'Powerstar'), (450, 'Powerstar'), (450, 'Powerstar'), (450, 'Powerstar'), (900, 'Imerse-II'))",23580,25011,23999.895,232.94803694080116
"((450, 'Powerstar'), (450, 'Powerstar'), (450, 'Powerstar'), (450, 'Powerstar'), (1800, 'Imerse-III'), (1800, 'Imerse-III'), (1800, 'Imerse-III'), (1800, 'Imerse-III'))",25101,27621,26170.335,517.1161847376158
"((450, 'Powerstar'), (450, 'Powerstar'), (450, 'Powerstar'), (450, 'Powerstar'), (450, 'Powerstar'), (450, 'Powerstar'), (450, 'Powerstar'), (900, 'Imerse-II'), (900, 'Imerse-II'), (900, 'Imerse-II'), (900, 'Imerse-II'), (1800, 'Imerse-III'))",25173,26181,25527.465,176.89484931327945
"((450, 'Powerstar'), (450, 'Powerstar'), (450, 'Powerstar'), (450, 'Powerstar'), (450, 'Powerstar'), (450, 'Powerstar'), (450, 'Powerstar'), (450, 'Powerstar'), (450, 'Powerstar'), (450, 'Powerstar'), (450, 'Powerstar'), (900, 'Imerse-II'), (1800, 'Imerse-III'))",24903,25326,25042.5,64.04128693398349
"((900, 'Imerse-II'), (1800, 'Imerse-III'), (1800, 'Imerse-III'), (1800, 'Imerse-III'), (1800, 'Imerse-III'))",24282,25542,24617.115,266.23502251029123
"((450, 'Powerstar'), (450, 'Powerstar'), (450, 'Powerstar'), (450, 'Powerstar'), (900, 'Imerse-II'), (900, 'Imerse-II'), (900, 'Imerse-II'), (900, 'Imerse-II'), (1800, 'Imerse-III'), (1800, 'Imerse-III'))",24417,25407,24616.035,185.30635716301026
"((450, 'Powerstar'), (1800, 'Imerse-III'), (1800, 'Imerse-III'), (1800, 'Imerse-III'), (1800, 'Imerse-III'))",24453,25236,24611.265,127.27371199041495
"((450, 'Powerstar'), (450, 'Powerstar'), (450, 'Powerstar'), (450, 'Powerstar'), (450, 'Powerstar'), (450, 'Powerstar'), (450, 'Powerstar'), (450, 'Powerstar'), (450, 'Powerstar'), (450, 'Powerstar'), (450, 'Powerstar'), (450, 'Powerstar'), (450, 'Powerstar'), (450, 'Powerstar'), (450, 'Powerstar'), (450, 'Powerstar'), (450, 'Powerstar'))",23094,24210,23563.755,231.97115783072394
"((450, 'Powerstar'), (450, 'Powerstar'), (450, 'Powerstar'), (450, 'Powerstar'), (450, 'Powerstar'), (900, 'Imerse-II'), (900, 'Imerse-II'), (900, 'Imerse-II'), (900, 'Imerse-II'), (1800, 'Imerse-III'))",24093,24561,24258.285,57.17199454102502
"((450, 'Powerstar'), (450, 'Powerstar'), (450, 'Powerstar'), (450, 'Powerstar'), (450, 'Powerstar'), (450, 'Powerstar'), (450, 'Powerstar'), (450, 'Powerstar'), (450, 'Powerstar'), (900, 'Imerse-II'), (1800, 'Imerse-III'), (1800, 'Imerse-III'))",25155,25920,25397.595,133.99464091511217
"((450, 'Powerstar'), (450, 'Powerstar'), (450, 'Powerstar'), (900, 'Imerse-II'), (1800, 'Imerse-III'), (1800, 'Imerse-III'), (1800, 'Imerse-III'))",25002,25605,25210.305,119.5429401835955
"((450, 'Powerstar'), (450, 'Powerstar'), (450, 'Powerstar'), (450, 'Powerstar'), (900, 'Imerse-II'), (900, 'Imerse-II'), (900, 'Imerse-II'), (1800, 'Imerse-III'), (1800, 'Imerse-III'))",24570,25263,24789.735,154.3212233455735
"((450, 'Powerstar'), (450, 'Powerstar'), (450, 'Powerstar'), (450, 'Powerstar'), (450, 'Powerstar'), (450, 'Powerstar'), (450, 'Powerstar'), (450, 'Powerstar'), (450, 'Powerstar'), (1800, 'Imerse-III'), (1800, 'Imerse-III'))",26775,27243,27017.865,61.32356539998987
"((450, 'Powerstar'), (450, 'Powerstar'), (450, 'Powerstar'), (450, 'Powerstar'), (450, 'Powerstar'), (450, 'Powerstar'), (450, 'Powerstar'), (450, 'Powerstar'), (450, 'Powerstar'), (450, 'Powerstar'), (450, 'Powerstar'), (450, 'Powerstar'), (450, 'Powerstar'), (450, 'Powerstar'), (450, 'Powerstar'), (900, 'Imerse-II'))",23283,24291,23704.29,177.49373518564184
"((450, 'Powerstar'), (450, 'Powerstar'), (450, 'Powerstar'), (450, 'Powerstar'), (450, 'Powerstar'), (450, 'Powerstar'), (450, 'Powerstar'), (450, 'Powerstar'), (450, 'Powerstar'), (450, 'Powerstar'), (450, 'Powerstar'), (450, 'Powerstar'), (900, 'Imerse-II'), (900, 'Imerse-II'), (1800, 'Imerse-III'))",25254,26991,25778.835,293.70360367051205
"((450, 'Powerstar'), (900, 'Imerse-II'), (900, 'Imerse-II'), (900, 'Imerse-II'), (900, 'Imerse-II'), (900, 'Imerse-II'), (900, 'Imerse-II'), (900, 'Imerse-II'), (900, 'Imerse-II'))",23958,24714,24139.89,121.42867253067874
"((450, 'Powerstar'), (450, 'Powerstar'), (450, 'Powerstar'), (450, 'Powerstar'), (450, 'Powerstar'), (450, 'Powerstar'), (450, 'Powerstar'), (450, 'Powerstar'), (900, 'Imerse-II'), (1800, 'Imerse-III'), (1800, 'Imerse-III'))",26640,27198,26899.785,109.99665949701615
"((900, 'Imerse-II'), (900, 'Imerse-II'), (900, 'Imerse-II'), (900, 'Imerse-II'), (900, 'Imerse-II'), (900, 'Imerse-II'), (900, 'Imerse-II'), (1800, 'Imerse-III'))",24606,25371,24783.795,128.3286177971564
"((450, 'Powerstar'), (450, 'Powerstar'), (450, 'Powerstar'), (450, 'Powerstar'), (450, 'Powerstar'), (450, 'Powerstar'), (450, 'Powerstar'), (450, 'Powerstar'), (450, 'Powerstar'), (450, 'Powerstar'), (450, 'Powerstar'), (900, 'Imerse-II'), (900, 'Imerse-II'), (900, 'Imerse-II'))",24237,25299,24517.53,159.65159648843644
"((450, 'Powerstar'), (450, 'Powerstar'), (900, 'Imerse-II'), (900, 'Imerse-II'), (1800, 'Imerse-III'), (1800, 'Imerse-III'), (1800, 'Imerse-III'))",24318,25596,24733.17,291.1644290149779
"((450, 'Powerstar'), (450, 'Powerstar'), (450, 'Powerstar'), (450, 'Powerstar'), (450, 'Powerstar'), (900, 'Imerse-II'), (900, 'Imerse-II'), (1800, 'Imerse-III'), (1800, 'Imerse-III'))",25065,25371,25146.495,48.52269815437827
"((450, 'Powerstar'), (450, 'Powerstar'), (450, 'Powerstar'), (450, 'Powerstar'), (450, 'Powerstar'), (450, 'Powerstar'), (450, 'Powerstar'), (450, 'Powerstar'), (450, 'Powerstar'), (450, 'Powerstar'), (450, 'Powerstar'), (450, 'Powerstar'), (450, 'Powerstar'), (900, 'Imerse-II'), (900, 'Imerse-II'))",24327,25200,24739.065,170.46926298636825
"((450, 'Powerstar'), (450, 'Powerstar'), (450, 'Powerstar'), (900, 'Imerse-II'), (900, 'Imerse-II'), (900, 'Imerse-II'), (900, 'Imerse-II'), (900, 'Imerse-II'), (900, 'Imerse-II'), (900, 'Imerse-II'))",23985,24543,24147.495,115.50387743932058
"((450, 'Powerstar'), (450, 'Powerstar'), (450, 'Powerstar'), (450, 'Powerstar'), (450, 'Powerstar'), (450, 'Powerstar'), (450, 'Powerstar'), (450, 'Powerstar'), (450, 'Powerstar'), (450, 'Powerstar'), (450, 'Powerstar'), (1800, 'Imerse-III'), (1800, 'Imerse-III'))",25272,26019,25529.805,134.04202061837657
"((900, 'Imerse-II'), (900, 'Imerse-II'), (900, 'Imerse-II'), (900, 'Imerse-II'), (1800, 'Imerse-III'), (1800, 'Imerse-III'), (1800, 'Imerse-III'))",25155,26856,25616.16,290.53176752241484
"((450, 'Powerstar'), (450, 'Powerstar'), (900, 'Imerse-II'), (900, 'Imerse-II'), (900, 'Imerse-II'), (900, 'Imerse-II'), (1800, 'Imerse-III'), (1800, 'Imerse-III'))",24066,24480,24234.93,95.90167231998014
"((450, 'Powerstar'), (450, 'Powerstar'), (450, 'Powerstar'), (450, 'Powerstar'), (450, 'Powerstar'), (450, 'Powerstar'), (900, 'Imerse-II'), (900, 'Imerse-II'), (1800, 'Imerse-III'), (1800, 'Imerse-III'))",24867,25236,24967.575,64.0377116829446
"((450, 'Powerstar'), (450, 'Powerstar'), (450, 'Powerstar'), (450, 'Powerstar'), (450, 'Powerstar'), (900, 'Imerse-II'), (1800, 'Imerse-III'), (1800, 'Imerse-III'), (1800, 'Imerse-III'))",25110,26271,25402.995,189.79130293125053
"((450, 'Powerstar'), (450, 'Powerstar'), (450, 'Powerstar'), (450, 'Powerstar'), (900, 'Imerse-II'), (900, 'Imerse-II'), (900, 'Imerse-II'), (900, 'Imerse-II'), (900, 'Imerse-II'), (900, 'Imerse-II'), (1800, 'Imerse-III'))",25533,26955,25999.515,269.35970938542573
"((450, 'Powerstar'), (450, 'Powerstar'), (450, 'Powerstar'), (450, 'Powerstar'), (450, 'Powerstar'), (450, 'Powerstar'), (1800, 'Imerse-III'), (1800, 'Imerse-III'), (1800, 'Imerse-III'))",25677,26631,25952.58,164.08100585507165
"((450, 'Powerstar'), (450, 'Powerstar'), (450, 'Powerstar'), (450, 'Powerstar'), (450, 'Powerstar'), (900, 'Imerse-II'), (900, 'Imerse-II'), (900, 'Imerse-II'), (1800, 'Imerse-III'), (1800, 'Imerse-III'))",24300,25290,24530.715,141.82165095073447
"((450, 'Powerstar'), (450, 'Powerstar'), (450, 'Powerstar'), (450, 'Powerstar'), (450, 'Powerstar'), (450, 'Powerstar'), (450, 'Powerstar'), (450, 'Powerstar'), (450, 'Powerstar'), (450, 'Powerstar'), (900, 'Imerse-II'), (1800, 'Imerse-III'), (1800, 'Imerse-III'))",25740,26460,25973.28,122.69839477516408
"((450, 'Powerstar'), (900, 'Imerse-II'), (900, 'Imerse-II'), (900, 'Imerse-II'), (900, 'Imerse-II'), (1800, 'Imerse-III'), (1800, 'Imerse-III'))",24894,25668,25138.485,131.07855550610802
"((450, 'Powerstar'), (450, 'Powerstar'), (450, 'Powerstar'), (450, 'Powerstar'), (450, 'Powerstar'), (450, 'Powerstar'), (450, 'Powerstar'), (450, 'Powerstar'), (450, 'Powerstar'), (450, 'Powerstar'), (450, 'Powerstar'), (450, 'Powerstar'), (450, 'Powerstar'), (1800, 'Imerse-III'))",24435,25092,24682.545,110.80159267672326
"((450, 'Powerstar'), (900, 'Imerse-II'), (900, 'Imerse-II'), (900, 'Imerse-II'), (900, 'Imerse-II'), (900, 'Imerse-II'), (900, 'Imerse-II'), (1800, 'Imerse-III'))",24957,25497,25074.36,85.48078863774394
"((450, 'Powerstar'), (450, 'Powerstar'), (900, 'Imerse-II'), (900, 'Imerse-II'), (900, 'Imerse-II'), (900, 'Imerse-II'), (900, 'Imerse-II'), (900, 'Imerse-II'), (900, 'Imerse-II'), (1800, 'Imerse-III'))",24354,25767,24763.32,255.76912799274828
"((450, 'Powerstar'), (450, 'Powerstar'), (900, 'Imerse-II'), (900, 'Imerse-II'), (900, 'Imerse-II'), (900, 'Imerse-II'), (900, 'Imerse-II'), (1800, 'Imerse-III'), (1800, 'Imerse-III'))",25119,26496,25469.64,225.98439133185315
"((1800, 'Imerse-III'), (1800, 'Imerse-III'), (1800, 'Imerse-III'), (1800, 'Imerse-III'), (1800, 'Imerse-III'))",24750,28044,25888.185,668.4084455070309
"((450, 'Powerstar'), (450, 'Powerstar'), (450, 'Powerstar'), (450, 'Powerstar'), (450, 'Powerstar'), (450, 'Powerstar'), (450, 'Powerstar'), (450, 'Powerstar'), (450, 'Powerstar'), (450, 'Powerstar'), (1800, 'Imerse-III'), (1800, 'Imerse-III'))",25506,26163,25727.625,129.22923566963783
"((450, 'Powerstar'), (450, 'Powerstar'), (450, 'Powerstar'), (450, 'Powerstar'), (450, 'Powerstar'), (450, 'Powerstar'), (900, 'Imerse-II'), (900, 'Imerse-II'), (900, 'Imerse-II'), (900, 'Imerse-II'), (1800, 'Imerse-III'))",25380,26100,25638.165,126.73304263481323
"((450, 'Powerstar'), (450, 'Powerstar'), (450, 'Powerstar'), (450, 'Powerstar'), (450, 'Powerstar'), (450, 'Powerstar'), (900, 'Imerse-II'), (900, 'Imerse-II'), (900, 'Imerse-II'), (900, 'Imerse-II'), (900, 'Imerse-II'), (900, 'Imerse-II'))",24165,25551,24635.34,269.7379230580646
"((450, 'Powerstar'), (450, 'Powerstar'), (450, 'Powerstar'), (450, 'Powerstar'), (450, 'Powerstar'), (450, 'Powerstar'), (450, 'Powerstar'), (450, 'Powerstar'), (450, 'Powerstar'), (450, 'Powerstar'), (450, 'Powerstar'), (450, 'Powerstar'), (1800, 'Imerse-III'), (1800, 'Imerse-III'))",24561,25452,24892.56,171.38978584929538
"((450, 'Powerstar'), (450, 'Powerstar'), (900, 'Imerse-II'), (900, 'Imerse-II'), (900, 'Imerse-II'), (900, 'Imerse-II'), (900, 'Imerse-II'), (900, 'Imerse-II'), (900, 'Imerse-II'), (900, 'Imerse-II'))",23931,25308,24219.27,202.4136197673879
"((450, 'Powerstar'), (900, 'Imerse-II'), (900, 'Imerse-II'), (1800, 'Imerse-III'), (1800, 'Imerse-III'), (1800, 'Imerse-III'))",24786,25317,24972.975,113.41370161302311
"((450, 'Powerstar'), (450, 'Powerstar'), (900, 'Imerse-II'), (900, 'Imerse-II'), (900, 'Imerse-II'), (1800, 'Imerse-III'), (1800, 'Imerse-III'), (1800, 'Imerse-III'))",24552,26784,25422.57,495.7569260723885
"((900, 'Imerse-II'), (900, 'Imerse-II'), (900, 'Imerse-II'), (900, 'Imerse-II'), (900, 'Imerse-II'), (900, 'Imerse-II'), (900, 'Imerse-II'), (900, 'Imerse-II'), (900, 'Imerse-II'))",24336,25281,24748.605,191.10656075293195
"((450, 'Powerstar'), (900, 'Imerse-II'), (1800, 'Imerse-III'), (1800, 'Imerse-III'), (1800, 'Imerse-III'), (1800, 'Imerse-III'))",24453,25794,24859.845,273.5946107476365
"((450, 'Powerstar'), (450, 'Powerstar'), (450, 'Powerstar'), (450, 'Powerstar'), (450, 'Powerstar'), (450, 'Powerstar'), (450, 'Powerstar'), (450, 'Powerstar'), (450, 'Powerstar'), (900, 'Imerse-II'), (900, 'Imerse-II'), (1800, 'Imerse-III'))",24975,25821,25194.015,118.86986581972741
"((450, 'Powerstar'), (450, 'Powerstar'), (450, 'Powerstar'), (450, 'Powerstar'), (450, 'Powerstar'), (450, 'Powerstar'), (450, 'Powerstar'), (450, 'Powerstar'), (450, 'Powerstar'), (450, 'Powerstar'), (900, 'Imerse-II'), (900, 'Imerse-II'), (900, 'Imerse-II'), (900, 'Imerse-II'))",24192,25254,24503.04,167.93558348666022
"((450, 'Powerstar'), (450, 'Powerstar'), (450, 'Powerstar'), (450, 'Powerstar'), (450, 'Powerstar'), (450, 'Powerstar'), (450, 'Powerstar'), (450, 'Powerstar'), (450, 'Powerstar'), (450, 'Powerstar'), (450, 'Powerstar'), (450, 'Powerstar'), (900, 'Imerse-II'), (1800, 'Imerse-III'))",24138,24957,24469.02,153.0070763956219
"((900, 'Imerse-II'), (900, 'Imerse-II'), (900, 'Imerse-II'), (900, 'Imerse-II'), (900, 'Imerse-II'), (900, 'Imerse-II'), (1800, 'Imerse-III'), (1800, 'Imerse-III'))",24903,26388,25184.34,177.59655707650174
