"((1800, 'Imerse-III'), (1800, 'Imerse-III'), (1800, 'Imerse-III'), (1800, 'Imerse-III'), (1800, 'Imerse-III'))",23742,25326,24343.245,310.9739522369185
"((900, 'Imerse-II'), (900, 'Imerse-II'), (900, 'Imerse-II'), (900, 'Imerse-II'), (900, 'Imerse-II'), (1800, 'Imerse-III'), (1800, 'Imerse-III'))",23967,25380,24504.12,178.27485864846633
"((450, 'Powerstar'), (1800, 'Imerse-III'), (1800, 'Imerse-III'), (1800, 'Imerse-III'), (1800, 'Imerse-III'))",24174,24543,24348.06,75.60387642610176
"((450, 'Powerstar'), (450, 'Powerstar'), (450, 'Powerstar'), (450, 'Powerstar'), (450, 'Powerstar'), (450, 'Powerstar'), (450, 'Powerstar'), (450, 'Powerstar'), (450, 'Powerstar'), (450, 'Powerstar'), (450, 'Powerstar'), (450, 'Powerstar'), (450, 'Powerstar'), (900, 'Imerse-II'), (1800, 'Imerse-III'))",24363,25677,24874.56,172.26153541320411
"((450, 'Powerstar'), (450, 'Powerstar'), (450, 'Powerstar'), (450, 'Powerstar'), (450, 'Powerstar'), (450, 'Powerstar'), (450, 'Powerstar'), (450, 'Powerstar'), (450, 'Powerstar'), (450, 'Powerstar'), (450, 'Powerstar'), (450, 'Powerstar'), (450, 'Powerstar'), (450, 'Powerstar'), (900, 'Imerse-II'), (900, 'Imerse-II'))",23670,24858,24150.825,204.81354279333627
"((450, 'Powerstar'), (900, 'Imerse-II'), (900, 'Imerse-II'), (900, 'Imerse-II'), (900, 'Imerse-II'), (900, 'Imerse-II'), (1800, 'Imerse-III'), (1800, 'Imerse-III'))",23346,24723,23956.425,238.5896887396107
"((450, 'Powerstar'), (450, 'Powerstar'), (450, 'Powerstar'), (450, 'Powerstar'), (450, 'Powerstar'), (450, 'Powerstar'), (900, 'Imerse-II'), (900, 'Imerse-II'), (900, 'Imerse-II'), (1800, 'Imerse-III'), (1800, 'Imerse-III'))",23679,24714,24045.66,178.14119632792895
"((900, 'Imerse-II'), (1800, 'Imerse-III'), (1800, 'Imerse-III'), (1800, 'Imerse-III'), (1800, 'Imerse-III'))",23661,24615,24078.78,178.64799784962156
"((450, 'Powerstar'), (450, 'Powerstar'), (450, 'Powerstar'), (450, 'Powerstar'), (900, 'Imerse-II'), (900, 'Imerse-II'), (900, 'Imerse-II'), (1800, 'Imerse-III'), (1800, 'Imerse-III'))",23139,23832,23466.42,151.9215732610433
"((450, 'Powerstar'), (450, 'Powerstar'), (450, 'Powerstar'), (450, 'Powerstar'), (450, 'Powerstar'), (450, 'Powerstar'), (450, 'Powerstar'), (900, 'Imerse-II'), (900, 'Imerse-II'), (900, 'Imerse-II'), (900, 'Imerse-II'), (900, 'Imerse-II'))",22716,23265,22989.33,95.04730956358723
"((450, 'Powerstar'), (450, 'Powerstar'), (450, 'Powerstar'), (450, 'Powerstar'), (450, 'Powerstar'), (900, 'Imerse-II'), (900, 'Imerse-II'), (1800, 'Imerse-III'), (1800, 'Imerse-III'))",22797,23301,23026.725,87.45829946739556
"((450, 'Powerstar'), (450, 'Powerstar'), (450, 'Powerstar'), (450, 'Powerstar'), (450, 'Powerstar'), (900, 'Imerse-II'), (900, 'Imerse-II'), (900, 'Imerse-II'), (900, 'Imerse-II'), (900, 'Imerse-II'), (1800, 'Imerse-III'))",23058,24408,23406.345,217.30534748419362
"((450, 'Powerstar'), (900, 'Imerse-II'), (900, 'Imerse-II'), (1800, 'Imerse-III'), (1800, 'Imerse-III'), (1800, 'Imerse-III'))",23391,23778,23486.94,53.609948075551394
"((450, 'Powerstar'), (450, 'Powerstar'), (450, 'Powerstar'), (450, 'Powerstar'), (450, 'Powerstar'), (450, 'Powerstar'), (450, 'Powerstar'), (900, 'Imerse-II'), (900, 'Imerse-II'), (900, 'Imerse-II'), (900, 'Imerse-II'), (1800, 'Imerse-III'))",23175,24102,23556.915,164.54923283055933
"((450, 'Powerstar'), (450, 'Powerstar'), (450, 'Powerstar'), (450, 'Powerstar'), (450, 'Powerstar'), (450, 'Powerstar'), (450, 'Powerstar'), (450, 'Powerstar'), (900, 'Imerse-II'), (900, 'Imerse-II'), (1800, 'Imerse-III'), (1800, 'Imerse-III'))",23751,24624,23968.98,162.6523548637202
"((450, 'Powerstar'), (450, 'Powerstar'), (450, 'Powerstar'), (450, 'Powerstar'), (450, 'Powerstar'), (450, 'Powerstar'), (450, 'Powerstar'), (450, 'Powerstar'), (450, 'Powerstar'), (450, 'Powerstar'), (1800, 'Imerse-III'), (1800, 'Imerse-III'))",24606,25056,24778.125,111.98527978911888
"((450, 'Powerstar'), (450, 'Powerstar'), (450, 'Powerstar'), (450, 'Powerstar'), (450, 'Powerstar'), (900, 'Imerse-II'), (900, 'Imerse-II'), (900, 'Imerse-II'), (1800, 'Imerse-III'), (1800, 'Imerse-III'))",23382,24723,23776.065,179.79382601850338
"((450, 'Powerstar'), (450, 'Powerstar'), (450, 'Powerstar'), (450, 'Powerstar'), (450, 'Powerstar'), (450, 'Powerstar'), (450, 'Powerstar'), (450, 'Powerstar'), (450, 'Powerstar'), (900, 'Imerse-II'), (1800, 'Imerse-III'), (1800, 'Imerse-III'))",24210,24831,24465.15,134.69286670684733
"((450, 'Powerstar'), (450, 'Powerstar'), (900, 'Imerse-II'), (1800, 'Imerse-III'), (1800, 'Imerse-III'), (1800, 'Imerse-III'), (1800, 'Imerse-III'))",24021,25812,24553.755,301.7129904695694
"((450, 'Powerstar'), (450, 'Powerstar'), (450, 'Powerstar'), (450, 'Powerstar'), (450, 'Powerstar'), (450, 'Powerstar'), (450, 'Powerstar'), (450, 'Powerstar'), (450, 'Powerstar'), (900, 'Imerse-II'), (900, 'Imerse-II'), (900, 'Imerse-II'), (900, 'Imerse-II'))",22887,23427,23052.69,83.58045442451869
"((450, 'Powerstar'), (900, 'Imerse-II'), (1800, 'Imerse-III'), (1800, 'Imerse-III'), (1800, 'Imerse-III'), (1800, 'Imerse-III'))",23544,24588,23870.79,212.88403878602372
"((450, 'Powerstar'), (450, 'Powerstar'), (450, 'Powerstar'), (450, 'Powerstar'), (450, 'Powerstar'), (450, 'Powerstar'), (450, 'Powerstar'), (450, 'Powerstar'), (450, 'Powerstar'), (450, 'Powerstar'), (450, 'Powerstar'), (1800, 'Imerse-III'), (1800, 'Imerse-III'))",24192,24669,24407.46,101.14007600785345
"((450, 'Powerstar'), (900, 'Imerse-II'), (900, 'Imerse-II'), (900, 'Imerse-II'), (900, 'Imerse-II'), (1800, 'Imerse-III'), (1800, 'Imerse-III'))",23409,23859,23620.05,73.29288324024606
"((450, 'Powerstar'), (450, 'Powerstar'), (450, 'Powerstar'), (450, 'Powerstar'), (900, 'Imerse-II'), (900, 'Imerse-II'), (900, 'Imerse-II'), (900, 'Imerse-II'), (900, 'Imerse-II'), (900, 'Imerse-II'), (1800, 'Imerse-III'))",23409,24525,23794.965,197.15571422930233
"((450, 'Powerstar'), (450, 'Powerstar'), (450, 'Powerstar'), (450, 'Powerstar'), (450, 'Powerstar'), (450, 'Powerstar'), (450, 'Powerstar'), (450, 'Powerstar'), (450, 'Powerstar'), (450, 'Powerstar'), (450, 'Powerstar'), (450, 'Powerstar'), (450, 'Powerstar'), (450, 'Powerstar'), (450, 'Powerstar'), (450, 'Powerstar'), (1800, 'Imerse-III'))",23760,24966,24268.635,189.90124853718024
"((450, 'Powerstar'), (450, 'Powerstar'), (450, 'Powerstar'), (450, 'Powerstar'), (1800, 'Imerse-III'), (1800, 'Imerse-III'), (1800, 'Imerse-III'), (1800, 'Imerse-III'))",25038,26595,25552.665,264.9908366198015
"((450, 'Powerstar'), (450, 'Powerstar'), (450, 'Powerstar'), (450, 'Powerstar'), (450, 'Powerstar'), (450, 'Powerstar'), (450, 'Powerstar'), (450, 'Powerstar'), (900, 'Imerse-II'), (900, 'Imerse-II'), (900, 'Imerse-II'), (900, 'Imerse-II'), (900, 'Imerse-II'))",23085,23823,23360.175,146.78677105168197
"((450, 'Powerstar'), (450, 'Powerstar'), (450, 'Powerstar'), (450, 'Powerstar'), (450, 'Powerstar'), (450, 'Powerstar'), (450, 'Powerstar'), (450, 'Powerstar'), (450, 'Powerstar'), (450, 'Powerstar'), (450, 'Powerstar'), (450, 'Powerstar'), (450, 'Powerstar'), (1800, 'Imerse-III'))",24255,24894,24552.81,115.83463303803089
"((900, 'Imerse-II'), (900, 'Imerse-II'), (1800, 'Imerse-III'), (1800, 'Imerse-III'), (1800, 'Imerse-III'), (1800, 'Imerse-III'))",23976,25506,24483.915,286.17183539240773
"((450, 'Powerstar'), (450, 'Powerstar'), (450, 'Powerstar'), (450, 'Powerstar'), (450, 'Powerstar'), (900, 'Imerse-II'), (1800, 'Imerse-III'), (1800, 'Imerse-III'), (1800, 'Imerse-III'))",22824,23778,23094.405,153.0952046388687
"((450, 'Powerstar'), (450, 'Powerstar'), (450, 'Powerstar'), (450, 'Powerstar'), (450, 'Powerstar'), (450, 'Powerstar'), (450, 'Powerstar'), (450, 'Powerstar'), (450, 'Powerstar'), (450, 'Powerstar'), (900, 'Imerse-II'), (900, 'Imerse-II'), (1800, 'Imerse-III'))",23400,23949,23579.28,81.40531756981983
"((450, 'Powerstar'), (450, 'Powerstar'), (900, 'Imerse-II'), (900, 'Imerse-II'), (900, 'Imerse-II'), (900, 'Imerse-II'), (900, 'Imerse-II'), (900, 'Imerse-II'), (1800, 'Imerse-III'))",22212,23049,22592.475,130.47212057076084
"((450, 'Powerstar'), (450, 'Powerstar'), (450, 'Powerstar'), (450, 'Powerstar'), (450, 'Powerstar'), (450, 'Powerstar'), (450, 'Powerstar'), (450, 'Powerstar'), (450, 'Powerstar'), (450, 'Powerstar'), (450, 'Powerstar'), (900, 'Imerse-II'), (900, 'Imerse-II'), (1800, 'Imerse-III'))",24282,25137,24620.76,139.60256725404298
"((450, 'Powerstar'), (450, 'Powerstar'), (450, 'Powerstar'), (450, 'Powerstar'), (450, 'Powerstar'), (450, 'Powerstar'), (450, 'Powerstar'), (450, 'Powerstar'), (450, 'Powerstar'), (450, 'Powerstar'), (450, 'Powerstar'), (900, 'Imerse-II'), (1800, 'Imerse-III'))",23931,24435,24098.13,92.42980821810775
"((450, 'Powerstar'), (450, 'Powerstar'), (900, 'Imerse-II'), (900, 'Imerse-II'), (900, 'Imerse-II'), (900, 'Imerse-II'), (900, 'Imerse-II'), (900, 'Imerse-II'), (900, 'Imerse-II'), (1800, 'Imerse-III'))",23004,24003,23405.31,214.24828010427106
"((900, 'Imerse-II'), (900, 'Imerse-II'), (900, 'Imerse-II'), (900, 'Imerse-II'), (900, 'Imerse-II'), (900, 'Imerse-II'), (900, 'Imerse-II'), (1800, 'Imerse-III'))",23850,24561,24071.58,153.13843574528428
"((450, 'Powerstar'), (450, 'Powerstar'), (450, 'Powerstar'), (450, 'Powerstar'), (450, 'Powerstar'), (450, 'Powerstar'), (450, 'Powerstar'), (450, 'Powerstar'), (450, 'Powerstar'), (1800, 'Imerse-III'), (1800, 'Imerse-III'))",24894,25560,25202.835,134.86448726267088
"((450, 'Powerstar'), (450, 'Powerstar'), (450, 'Powerstar'), (450, 'Powerstar'), (450, 'Powerstar'), (450, 'Powerstar'), (450, 'Powerstar'), (450, 'Powerstar'), (450, 'Powerstar'), (450, 'Powerstar'), (900, 'Imerse-II'), (1800, 'Imerse-III'), (1800, 'Imerse-III'))",23733,24696,24082.605,138.08121190227877
"((450, 'Powerstar'), (900, 'Imerse-II'), (900, 'Imerse-II'), (900, 'Imerse-II'), (1800, 'Imerse-III'), (1800, 'Imerse-III'), (1800, 'Imerse-III'))",23562,24444,23878.125,142.47954759337236
"((450, 'Powerstar'), (450, 'Powerstar'), (450, 'Powerstar'), (450, 'Powerstar'), (450, 'Powerstar'), (450, 'Powerstar'), (450, 'Powerstar'), (450, 'Powerstar'), (1800, 'Imerse-III'), (1800, 'Imerse-III'), (1800, 'Imerse-III'))",24417,25479,24907.14,233.5975588431682
"((450, 'Powerstar'), (450, 'Powerstar'), (450, 'Powerstar'), (900, 'Imerse-II'), (900, 'Imerse-II'), (900, 'Imerse-II'), (900, 'Imerse-II'), (900, 'Imerse-II'), (900, 'Imerse-II'), (900, 'Imerse-II'))",22581,23616,22930.695,158.61641722744324
"((450, 'Powerstar'), (450, 'Powerstar'), (900, 'Imerse-II'), (900, 'Imerse-II'), (900, 'Imerse-II'), (900, 'Imerse-II'), (1800, 'Imerse-III'), (1800, 'Imerse-III'))",23958,24624,24301.035,122.46202888074303
"((450, 'Powerstar'), (450, 'Powerstar'), (450, 'Powerstar'), (450, 'Powerstar'), (900, 'Imerse-II'), (1800, 'Imerse-III'), (1800, 'Imerse-III'), (1800, 'Imerse-III'))",24705,25704,25130.34,213.34214010297777
"((450, 'Powerstar'), (450, 'Powerstar'), (1800, 'Imerse-III'), (1800, 'Imerse-III'), (1800, 'Imerse-III'), (1800, 'Imerse-III'))",24417,25425,24751.35,230.91780499415063
"((450, 'Powerstar'), (450, 'Powerstar'), (450, 'Powerstar'), (450, 'Powerstar'), (450, 'Powerstar'), (450, 'Powerstar'), (450, 'Powerstar'), (450, 'Powerstar'), (450, 'Powerstar'), (450, 'Powerstar'), (450, 'Powerstar'), (450, 'Powerstar'), (900, 'Imerse-II'), (900, 'Imerse-II'), (1800, 'Imerse-III'))",24552,25920,25036.47,227.1418636692844
"((450, 'Powerstar'), (450, 'Powerstar'), (450, 'Powerstar'), (450, 'Powerstar'), (450, 'Powerstar'), (450, 'Powerstar'), (450, 'Powerstar'), (450, 'Powerstar'), (450, 'Powerstar'), (450, 'Powerstar'), (900, 'Imerse-II'), (900, 'Imerse-II'), (900, 'Imerse-II'), (1800, 'Imerse-III'))",24399,25308,24790.455,170.5029744505427
"((450, 'Powerstar'), (450, 'Powerstar'), (450, 'Powerstar'), (450, 'Powerstar'), (450, 'Powerstar'), (450, 'Powerstar'), (450, 'Powerstar'), (450, 'Powerstar'), (450, 'Powerstar'), (450, 'Powerstar'), (450, 'Powerstar'), (450, 'Powerstar'), (1800, 'Imerse-III'), (1800, 'Imerse-III'))",24570,25479,24957.54,155.06681458301975
"((450, 'Powerstar'), (450, 'Powerstar'), (450, 'Powerstar'), (900, 'Imerse-II'), (1800, 'Imerse-III'), (1800, 'Imerse-III'), (1800, 'Imerse-III'))",23832,24210,23957.64,49.565452387240036
"((450, 'Powerstar'), (450, 'Powerstar'), (450, 'Powerstar'), (450, 'Powerstar'), (450, 'Powerstar'), (450, 'Powerstar'), (450, 'Powerstar'), (450, 'Powerstar'), (450, 'Powerstar'), (450, 'Powerstar'), (450, 'Powerstar'), (450, 'Powerstar'), (450, 'Powerstar'), (450, 'Powerstar'), (450, 'Powerstar'), (450, 'Powerstar'), (900, 'Imerse-II'))",23427,24318,23835.915,182.0921622496801
"((450, 'Powerstar'), (450, 'Powerstar'), (450, 'Powerstar'), (450, 'Powerstar'), (450, 'Powerstar'), (450, 'Powerstar'), (450, 'Powerstar'), (450, 'Powerstar'), (450, 'Powerstar'), (450, 'Powerstar'), (450, 'Powerstar'), (450, 'Powerstar'), (900, 'Imerse-II'), (1800, 'Imerse-III'))",24210,24876,24487.155,112.35309101356094
"((450, 'Powerstar'), (450, 'Powerstar'), (450, 'Powerstar'), (450, 'Powerstar'), (450, 'Powerstar'), (450, 'Powerstar'), (450, 'Powerstar'), (450, 'Powerstar'), (450, 'Powerstar'), (450, 'Powerstar'), (450, 'Powerstar'), (450, 'Powerstar'), (450, 'Powerstar'), (450, 'Powerstar'), (900, 'Imerse-II'), (1800, 'Imerse-III'))",24138,25173,24633.36,202.64259301171745
"((450, 'Powerstar'), (450, 'Powerstar'), (450, 'Powerstar'), (450, 'Powerstar'), (450, 'Powerstar'), (450, 'Powerstar'), (450, 'Powerstar'), (450, 'Powerstar'), (450, 'Powerstar'), (900, 'Imerse-II'), (900, 'Imerse-II'), (1800, 'Imerse-III'))",23814,24012,23914.71,42.390691829325505
"((450, 'Powerstar'), (450, 'Powerstar'), (450, 'Powerstar'), (900, 'Imerse-II'), (900, 'Imerse-II'), (1800, 'Imerse-III'), (1800, 'Imerse-III'), (1800, 'Imerse-III'))",24192,25740,24695.595,325.3455696230807
"((450, 'Powerstar'), (450, 'Powerstar'), (450, 'Powerstar'), (450, 'Powerstar'), (450, 'Powerstar'), (450, 'Powerstar'), (450, 'Powerstar'), (450, 'Powerstar'), (450, 'Powerstar'), (450, 'Powerstar'), (450, 'Powerstar'), (450, 'Powerstar'), (450, 'Powerstar'), (450, 'Powerstar'), (450, 'Powerstar'), (900, 'Imerse-II'))",23445,24210,23772.465,147.7795750059687
"((450, 'Powerstar'), (450, 'Powerstar'), (450, 'Powerstar'), (450, 'Powerstar'), (900, 'Imerse-II'), (900, 'Imerse-II'), (900, 'Imerse-II'), (900, 'Imerse-II'), (900, 'Imerse-II'), (900, 'Imerse-II'), (900, 'Imerse-II'))",22905,23724,23287.32,164.71582838514038
"((450, 'Powerstar'), (450, 'Powerstar'), (450, 'Powerstar'), (450, 'Powerstar'), (450, 'Powerstar'), (450, 'Powerstar'), (450, 'Powerstar'), (450, 'Powerstar'), (450, 'Powerstar'), (450, 'Powerstar'), (450, 'Powerstar'), (450, 'Powerstar'), (450, 'Powerstar'), (450, 'Powerstar'), (450, 'Powerstar'), (450, 'Powerstar'), (450, 'Powerstar'))",23103,24111,23478.705,159.50847231007344
"((450, 'Powerstar'), (450, 'Powerstar'), (450, 'Powerstar'), (1800, 'Imerse-III'), (1800, 'Imerse-III'), (1800, 'Imerse-III'), (1800, 'Imerse-III'))",24057,26181,24645.285,430.564679801377
"((450, 'Powerstar'), (450, 'Powerstar'), (450, 'Powerstar'), (450, 'Powerstar'), (450, 'Powerstar'), (900, 'Imerse-II'), (900, 'Imerse-II'), (900, 'Imerse-II'), (900, 'Imerse-II'), (900, 'Imerse-II'), (900, 'Imerse-II'))",22554,23301,22865.895,140.8378874012181
"((450, 'Powerstar'), (450, 'Powerstar'), (450, 'Powerstar'), (450, 'Powerstar'), (450, 'Powerstar'), (450, 'Powerstar'), (450, 'Powerstar'), (450, 'Powerstar'), (450, 'Powerstar'), (450, 'Powerstar'), (450, 'Powerstar'), (450, 'Powerstar'), (450, 'Powerstar'), (450, 'Powerstar'), (1800, 'Imerse-III'))",24084,24750,24418.8,129.58957244482352
"((450, 'Powerstar'), (450, 'Powerstar'), (450, 'Powerstar'), (450, 'Powerstar'), (450, 'Powerstar'), (450, 'Powerstar'), (450, 'Powerstar'), (450, 'Powerstar'), (450, 'Powerstar'), (450, 'Powerstar'), (450, 'Powerstar'), (450, 'Powerstar'), (450, 'Powerstar'), (450, 'Powerstar'), (450, 'Powerstar'), (1800, 'Imerse-III'))",23751,24651,24159.15,163.74624166157665
"((450, 'Powerstar'), (450, 'Powerstar'), (450, 'Powerstar'), (450, 'Powerstar'), (450, 'Powerstar'), (450, 'Powerstar'), (900, 'Imerse-II'), (900, 'Imerse-II'), (900, 'Imerse-II'), (900, 'Imerse-II'), (900, 'Imerse-II'), (1800, 'Imerse-III'))",23283,24525,23769.765,223.45388330665483
"((450, 'Powerstar'), (900, 'Imerse-II'), (900, 'Imerse-II'), (900, 'Imerse-II'), (900, 'Imerse-II'), (900, 'Imerse-II'), (900, 'Imerse-II'), (1800, 'Imerse-III'))",23976,24408,24149.25,83.64646529160031
"((450, 'Powerstar'), (450, 'Powerstar'), (450, 'Powerstar'), (450, 'Powerstar'), (450, 'Powerstar'), (450, 'Powerstar'), (450, 'Powerstar'), (900, 'Imerse-II'), (900, 'Imerse-II'), (900, 'Imerse-II'), (1800, 'Imerse-III'))",23328,24021,23602.545,133.9177651175166
"((450, 'Powerstar'), (450, 'Powerstar'), (450, 'Powerstar'), (450, 'Powerstar'), (450, 'Powerstar'), (450, 'Powerstar'), (1800, 'Imerse-III'), (1800, 'Imerse-III'), (1800, 'Imerse-III'))",22815,23508,23101.875,138.7336096525863
"((450, 'Powerstar'), (450, 'Powerstar'), (900, 'Imerse-II'), (900, 'Imerse-II'), (900, 'Imerse-II'), (1800, 'Imerse-III'), (1800, 'Imerse-III'), (1800, 'Imerse-III'))",23940,25434,24512.85,273.44647074301224
"((450, 'Powerstar'), (450, 'Powerstar'), (450, 'Powerstar'), (450, 'Powerstar'), (450, 'Powerstar'), (450, 'Powerstar'), (450, 'Powerstar'), (450, 'Powerstar'), (450, 'Powerstar'), (450, 'Powerstar'), (450, 'Powerstar'), (900, 'Imerse-II'), (900, 'Imerse-II'), (900, 'Imerse-II'))",23841,24669,24224.58,143.59680991963393
"((450, 'Powerstar'), (450, 'Powerstar'), (450, 'Powerstar'), (900, 'Imerse-II'), (900, 'Imerse-II'), (900, 'Imerse-II'), (900, 'Imerse-II'), (900, 'Imerse-II'), (900, 'Imerse-II'), (1800, 'Imerse-III'))",22932,24255,23335.38,184.7753099737067
"((450, 'Powerstar'), (450, 'Powerstar'), (900, 'Imerse-II'), (900, 'Imerse-II'), (1800, 'Imerse-III'), (1800, 'Imerse-III'), (1800, 'Imerse-III'))",23850,24741,24223.77,177.432999882311
"((450, 'Powerstar'), (450, 'Powerstar'), (450, 'Powerstar'), (450, 'Powerstar'), (900, 'Imerse-II'), (900, 'Imerse-II'), (1800, 'Imerse-III'), (1800, 'Imerse-III'), (1800, 'Imerse-III'))",23193,24237,23565.51,223.06740063516824
"((450, 'Powerstar'), (450, 'Powerstar'), (450, 'Powerstar'), (900, 'Imerse-II'), (900, 'Imerse-II'), (900, 'Imerse-II'), (900, 'Imerse-II'), (900, 'Imerse-II'), (1800, 'Imerse-III'))",22545,23229,22856.535,120.29402327287869
"((900, 'Imerse-II'), (900, 'Imerse-II'), (900, 'Imerse-II'), (900, 'Imerse-II'), (900, 'Imerse-II'), (900, 'Imerse-II'), (900, 'Imerse-II'), (900, 'Imerse-II'), (900, 'Imerse-II'))",22878,24507,23634.225,282.09315325004394
"((450, 'Powerstar'), (450, 'Powerstar'), (450, 'Powerstar'), (450, 'Powerstar'), (450, 'Powerstar'), (450, 'Powerstar'), (450, 'Powerstar'), (1800, 'Imerse-III'), (1800, 'Imerse-III'), (1800, 'Imerse-III'))",23400,25128,24218.82,392.7882132937705
"((900, 'Imerse-II'), (900, 'Imerse-II'), (900, 'Imerse-II'), (900, 'Imerse-II'), (900, 'Imerse-II'), (900, 'Imerse-II'), (900, 'Imerse-II'), (900, 'Imerse-II'), (1800, 'Imerse-III'))",23220,24894,23968.035,311.07404113868415
"((450, 'Powerstar'), (450, 'Powerstar'), (450, 'Powerstar'), (450, 'Powerstar'), (450, 'Powerstar'), (450, 'Powerstar'), (450, 'Powerstar'), (450, 'Powerstar'), (900, 'Imerse-II'), (1800, 'Imerse-III'), (1800, 'Imerse-III'))",24615,25191,24857.82,105.97201488930223
"((450, 'Powerstar'), (450, 'Powerstar'), (450, 'Powerstar'), (450, 'Powerstar'), (900, 'Imerse-II'), (900, 'Imerse-II'), (900, 'Imerse-II'), (900, 'Imerse-II'), (1800, 'Imerse-III'), (1800, 'Imerse-III'))",23382,24633,23704.38,224.52056256627225
"((900, 'Imerse-II'), (900, 'Imerse-II'), (900, 'Imerse-II'), (900, 'Imerse-II'), (900, 'Imerse-II'), (900, 'Imerse-II'), (1800, 'Imerse-III'), (1800, 'Imerse-III'))",23904,25101,24401.52,219.9460408930395
"((450, 'Powerstar'), (450, 'Powerstar'), (450, 'Powerstar'), (450, 'Powerstar'), (450, 'Powerstar'), (450, 'Powerstar'), (900, 'Imerse-II'), (900, 'Imerse-II'), (900, 'Imerse-II'), (900, 'Imerse-II'), (1800, 'Imerse-III'))",23148,23958,23459.895,154.0792199001057
"((450, 'Powerstar'), (450, 'Powerstar'), (450, 'Powerstar'), (450, 'Powerstar'), (450, 'Powerstar'), (900, 'Imerse-II'), (900, 'Imerse-II'), (900, 'Imerse-II'), (900, 'Imerse-II'), (1800, 'Imerse-III'))",23310,24084,23629.455,103.22482646628656
"((450, 'Powerstar'), (450, 'Powerstar'), (450, 'Powerstar'), (450, 'Powerstar'), (450, 'Powerstar'), (1800, 'Imerse-III'), (1800, 'Imerse-III'), (1800, 'Imerse-III'))",24723,25047,24898.77,73.88009503385236
"((450, 'Powerstar'), (450, 'Powerstar'), (450, 'Powerstar'), (450, 'Powerstar'), (450, 'Powerstar'), (450, 'Powerstar'), (450, 'Powerstar'), (450, 'Powerstar'), (450, 'Powerstar'), (450, 'Powerstar'), (900, 'Imerse-II'), (900, 'Imerse-II'), (900, 'Imerse-II'), (900, 'Imerse-II'))",23913,25002,24311.655,188.88861937035324
"((450, 'Powerstar'), (450, 'Powerstar'), (450, 'Powerstar'), (450, 'Powerstar'), (450, 'Powerstar'), (450, 'Powerstar'), (900, 'Imerse-II'), (1800, 'Imerse-III'), (1800, 'Imerse-III'), (1800, 'Imerse-III'))",23490,25119,24221.835,325.19575515503624
"((450, 'Powerstar'), (900, 'Imerse-II'), (900, 'Imerse-II'), (900, 'Imerse-II'), (900, 'Imerse-II'), (900, 'Imerse-II'), (900, 'Imerse-II'), (900, 'Imerse-II'), (1800, 'Imerse-III'))",22752,23913,23332.32,206.09440096847067
"((450, 'Powerstar'), (450, 'Powerstar'), (450, 'Powerstar'), (900, 'Imerse-II'), (900, 'Imerse-II'), (900, 'Imerse-II'), (900, 'Imerse-II'), (1800, 'Imerse-III'), (1800, 'Imerse-III'))",23112,24390,23690.34,237.13309538025922
"((450, 'Powerstar'), (450, 'Powerstar'), (450, 'Powerstar'), (450, 'Powerstar'), (450, 'Powerstar'), (450, 'Powerstar'), (900, 'Imerse-II'), (900, 'Imerse-II'), (1800, 'Imerse-III'), (1800, 'Imerse-III'))",23949,24687,24291.54,155.38410310417032
"((900, 'Imerse-II'), (900, 'Imerse-II'), (900, 'Imerse-II'), (1800, 'Imerse-III'), (1800, 'Imerse-III'), (1800, 'Imerse-III'))",23877,24741,24137.685,145.82120867520433
"((450, 'Powerstar'), (450, 'Powerstar'), (450, 'Powerstar'), (900, 'Imerse-II'), (900, 'Imerse-II'), (900, 'Imerse-II'), (1800, 'Imerse-III'), (1800, 'Imerse-III'))",24102,24813,24557.13,96.93090892758428
"((450, 'Powerstar'), (450, 'Powerstar'), (450, 'Powerstar'), (450, 'Powerstar'), (450, 'Powerstar'), (450, 'Powerstar'), (450, 'Powerstar'), (900, 'Imerse-II'), (900, 'Imerse-II'), (1800, 'Imerse-III'), (1800, 'Imerse-III'))",23805,24606,24159.105,127.05387602139615
"((450, 'Powerstar'), (450, 'Powerstar'), (450, 'Powerstar'), (450, 'Powerstar'), (450, 'Powerstar'), (450, 'Powerstar'), (450, 'Powerstar'), (450, 'Powerstar'), (450, 'Powerstar'), (450, 'Powerstar'), (450, 'Powerstar'), (450, 'Powerstar'), (450, 'Powerstar'), (900, 'Imerse-II'), (900, 'Imerse-II'))",23940,25011,24434.82,178.268465604957
"((450, 'Powerstar'), (450, 'Powerstar'), (450, 'Powerstar'), (450, 'Powerstar'), (450, 'Powerstar'), (450, 'Powerstar'), (450, 'Powerstar'), (450, 'Powerstar'), (900, 'Imerse-II'), (900, 'Imerse-II'), (900, 'Imerse-II'), (900, 'Imerse-II'), (1800, 'Imerse-III'))",23562,24480,23831.19,163.20454194832573
"((450, 'Powerstar'), (450, 'Powerstar'), (450, 'Powerstar'), (450, 'Powerstar'), (450, 'Powerstar'), (450, 'Powerstar'), (450, 'Powerstar'), (450, 'Powerstar'), (450, 'Powerstar'), (450, 'Powerstar'), (450, 'Powerstar'), (450, 'Powerstar'), (900, 'Imerse-II'), (900, 'Imerse-II'), (900, 'Imerse-II'))",24066,25236,24583.05,201.57300384574563
"((450, 'Powerstar'), (450, 'Powerstar'), (900, 'Imerse-II'), (900, 'Imerse-II'), (900, 'Imerse-II'), (900, 'Imerse-II'), (900, 'Imerse-II'), (1800, 'Imerse-III'), (1800, 'Imerse-III'))",22698,24174,23355.945,281.0320033546851
"((450, 'Powerstar'), (450, 'Powerstar'), (900, 'Imerse-II'), (900, 'Imerse-II'), (900, 'Imerse-II'), (900, 'Imerse-II'), (900, 'Imerse-II'), (900, 'Imerse-II'), (900, 'Imerse-II'), (900, 'Imerse-II'))",22491,23409,22888.755,165.17170896437156
"((450, 'Powerstar'), (450, 'Powerstar'), (450, 'Powerstar'), (450, 'Powerstar'), (900, 'Imerse-II'), (900, 'Imerse-II'), (900, 'Imerse-II'), (900, 'Imerse-II'), (900, 'Imerse-II'), (1800, 'Imerse-III'))",22896,23814,23207.13,123.75918056398623
"((900, 'Imerse-II'), (900, 'Imerse-II'), (900, 'Imerse-II'), (900, 'Imerse-II'), (1800, 'Imerse-III'), (1800, 'Imerse-III'), (1800, 'Imerse-III'))",24129,25515,24622.02,282.75283451653615
"((450, 'Powerstar'), (450, 'Powerstar'), (450, 'Powerstar'), (450, 'Powerstar'), (450, 'Powerstar'), (450, 'Powerstar'), (900, 'Imerse-II'), (900, 'Imerse-II'), (900, 'Imerse-II'), (900, 'Imerse-II'), (900, 'Imerse-II'), (900, 'Imerse-II'))",22842,23886,23258.745,182.90539052860666
"((450, 'Powerstar'), (900, 'Imerse-II'), (900, 'Imerse-II'), (900, 'Imerse-II'), (900, 'Imerse-II'), (900, 'Imerse-II'), (900, 'Imerse-II'), (900, 'Imerse-II'), (900, 'Imerse-II'))",22392,23472,22978.98,187.5095430737289
"((450, 'Powerstar'), (450, 'Powerstar'), (450, 'Powerstar'), (450, 'Powerstar'), (450, 'Powerstar'), (450, 'Powerstar'), (450, 'Powerstar'), (900, 'Imerse-II'), (1800, 'Imerse-III'), (1800, 'Imerse-III'))",24192,25344,24585.435,146.36450600500947
"((450, 'Powerstar'), (450, 'Powerstar'), (450, 'Powerstar'), (450, 'Powerstar'), (450, 'Powerstar'), (450, 'Powerstar'), (450, 'Powerstar'), (450, 'Powerstar'), (450, 'Powerstar'), (900, 'Imerse-II'), (900, 'Imerse-II'), (900, 'Imerse-II'), (1800, 'Imerse-III'))",23355,24273,23594.04,155.52811117876465
"((450, 'Powerstar'), (450, 'Powerstar'), (450, 'Powerstar'), (450, 'Powerstar'), (450, 'Powerstar'), (450, 'Powerstar'), (450, 'Powerstar'), (450, 'Powerstar'), (900, 'Imerse-II'), (900, 'Imerse-II'), (900, 'Imerse-II'), (1800, 'Imerse-III'))",23373,24201,23476.905,94.9208396719082
